"video_id","frame_index","timestamp_sec","width","height","segment_id"
"driving_01","0","0","720","480","driving_01_s01"
"driving_01","1","0.05","720","480","driving_01_s01"
"driving_01","2","0.1","720","480","driving_01_s01"
"driving_01","3","0.15","720","480","driving_01_s01"
"driving_01","4","0.2","720","480","driving_01_s01"
"driving_01","5","0.25","720","480","driving_01_s01"
"driving_01","6","0.3","720","480","driving_01_s01"
"driving_01","7","0.35","720","480","driving_01_s01"
"driving_01","8","0.4","720","480","driving_01_s01"
"driving_01","9","0.45","720","480","driving_01_s01"
"driving_01","10","0.5","720","480","driving_01_s01"
"driving_01","11","0.55","720","480","driving_01_s01"
"driving_01","12","0.6","720","480","driving_01_s01"
"driving_01","13","0.65","720","480","driving_01_s01"
"driving_01","14","0.7","720","480","driving_01_s01"
"driving_01","15","0.75","720","480","driving_01_s01"
"driving_01","16","0.8","720","480","driving_01_s01"
"driving_01","17","0.85","720","480","driving_01_s01"
"driving_01","18","0.9","720","480","driving_01_s01"
"driving_01","19","0.95","720","480","driving_01_s01"
"driving_01","20","1","720","480","driving_01_s01"
"driving_01","21","1.05","720","480","driving_01_s01"
"driving_01","22","1.1","720","480","driving_01_s01"
"driving_01","23","1.15","720","480","driving_01_s01"
"driving_01","24","1.2","720","480","driving_01_s01"
"driving_01","25","1.25","720","480","driving_01_s01"
"driving_01","26","1.3","720","480","driving_01_s01"
"driving_01","27","1.35","720","480","driving_01_s01"
"driving_01","28","1.4","720","480","driving_01_s01"
"driving_01","29","1.45","720","480","driving_01_s01"
"driving_01","30","1.5","720","480","driving_01_s01"
"driving_01","31","1.55","720","480","driving_01_s01"
"driving_01","32","1.6","720","480","driving_01_s01"
"driving_01","33","1.65","720","480","driving_01_s01"
"driving_01","34","1.7","720","480","driving_01_s01"
"driving_01","35","1.75","720","480","driving_01_s01"
"driving_01","36","1.8","720","480","driving_01_s01"
"driving_01","37","1.85","720","480","driving_01_s01"
"driving_01","38","1.9","720","480","driving_01_s01"
"driving_01","39","1.95","720","480","driving_01_s01"
"driving_01","40","2","720","480","driving_01_s01"
"driving_01","41","2.05","720","480","driving_01_s01"
"driving_01","42","2.1","720","480","driving_01_s01"
"driving_01","43","2.15","720","480","driving_01_s01"
"driving_01","44","2.2","720","480","driving_01_s01"
"driving_01","45","2.25","720","480","driving_01_s01"
"driving_01","46","2.3","720","480","driving_01_s01"
"driving_01","47","2.35","720","480","driving_01_s01"
"driving_01","48","2.4","720","480","driving_01_s01"
"driving_01","49","2.45","720","480","driving_01_s01"
"driving_01","50","2.5","720","480","driving_01_s01"
"driving_01","51","2.55","720","480","driving_01_s01"
"driving_01","52","2.6","720","480","driving_01_s01"
"driving_01","53","2.65","720","480","driving_01_s01"
"driving_01","54","2.7","720","480","driving_01_s01"
"driving_01","55","2.75","720","480","driving_01_s01"
"driving_01","56","2.8","720","480","driving_01_s01"
"driving_01","57","2.85","720","480","driving_01_s01"
"driving_01","58","2.9","720","480","driving_01_s01"
"driving_01","59","2.95","720","480","driving_01_s01"
"driving_01","60","3","720","480","driving_01_s01"
"driving_01","61","3.05","720","480","driving_01_s01"
"driving_01","62","3.1","720","480","driving_01_s01"
"driving_01","63","3.15","720","480","driving_01_s01"
"driving_01","64","3.2","720","480","driving_01_s01"
"driving_01","65","3.25","720","480","driving_01_s01"
"driving_01","66","3.3","720","480","driving_01_s01"
"driving_01","67","3.35","720","480","driving_01_s01"
"driving_01","68","3.4","720","480","driving_01_s01"
"driving_01","69","3.45","720","480","driving_01_s01"
"driving_01","70","3.5","720","480","driving_01_s01"
"driving_01","71","3.55","720","480","driving_01_s01"
"driving_01","72","3.6","720","480","driving_01_s01"
"driving_01","73","3.65","720","480","driving_01_s01"
"driving_01","74","3.7","720","480","driving_01_s01"
"driving_01","75","3.75","720","480","driving_01_s01"
"driving_01","76","3.8","720","480","driving_01_s01"
"driving_01","77","3.85","720","480","driving_01_s01"
"driving_01","78","3.9","720","480","driving_01_s01"
"driving_01","79","3.95","720","480","driving_01_s01"
"driving_01","80","4","720","480","driving_01_s01"
"driving_01","81","4.05","720","480","driving_01_s01"
"driving_01","82","4.1","720","480","driving_01_s01"
"driving_01","83","4.15","720","480","driving_01_s01"
"driving_01","84","4.2","720","480","driving_01_s01"
"driving_01","85","4.25","720","480","driving_01_s01"
"driving_01","86","4.3","720","480","driving_01_s01"
"driving_01","87","4.35","720","480","driving_01_s01"
"driving_01","88","4.4","720","480","driving_01_s01"
"driving_01","89","4.45","720","480","driving_01_s01"
"driving_01","90","4.5","720","480","driving_01_s01"
"driving_01","91","4.55","720","480","driving_01_s01"
"driving_01","92","4.6","720","480","driving_01_s01"
"driving_01","93","4.65","720","480","driving_01_s01"
"driving_01","94","4.7","720","480","driving_01_s01"
"driving_01","95","4.75","720","480","driving_01_s01"
"driving_01","96","4.8","720","480","driving_01_s01"
"driving_01","97","4.85","720","480","driving_01_s01"
"driving_01","98","4.9","720","480","driving_01_s01"
"driving_01","99","4.95","720","480","driving_01_s01"
"driving_01","100","5","720","480","driving_01_s01"
"driving_01","101","5.05","720","480","driving_01_s01"
"driving_01","102","5.1","720","480","driving_01_s01"
"driving_01","103","5.15","720","480","driving_01_s01"
"driving_01","104","5.2","720","480","driving_01_s01"
"driving_01","105","5.25","720","480","driving_01_s01"
"driving_01","106","5.3","720","480","driving_01_s01"
"driving_01","107","5.35","720","480","driving_01_s01"
"driving_01","108","5.4","720","480","driving_01_s01"
"driving_01","109","5.45","720","480","driving_01_s01"
"driving_01","110","5.5","720","480","driving_01_s01"
"driving_01","111","5.55","720","480","driving_01_s01"
"driving_01","112","5.6","720","480","driving_01_s01"
"driving_01","113","5.65","720","480","driving_01_s01"
"driving_01","114","5.7","720","480","driving_01_s01"
"driving_01","115","5.75","720","480","driving_01_s01"
"driving_01","116","5.8","720","480","driving_01_s01"
"driving_01","117","5.85","720","480","driving_01_s01"
"driving_01","118","5.9","720","480","driving_01_s01"
"driving_01","119","5.95","720","480","driving_01_s01"
"driving_01","120","6","720","480","driving_01_s01"
"driving_01","121","6.05","720","480","driving_01_s01"
"driving_01","122","6.1","720","480","driving_01_s01"
"driving_01","123","6.15","720","480","driving_01_s01"
"driving_01","124","6.2","720","480","driving_01_s01"
"driving_01","125","6.25","720","480","driving_01_s01"
"driving_01","126","6.3","720","480","driving_01_s01"
"driving_01","127","6.35","720","480","driving_01_s01"
"driving_01","128","6.4","720","480","driving_01_s01"
"driving_01","129","6.45","720","480","driving_01_s01"
"driving_01","130","6.5","720","480","driving_01_s01"
"driving_01","131","6.55","720","480","driving_01_s01"
"driving_01","132","6.6","720","480","driving_01_s01"
"driving_01","133","6.65","720","480","driving_01_s01"
"driving_01","134","6.7","720","480","driving_01_s01"
"driving_01","135","6.75","720","480","driving_01_s01"
"driving_01","136","6.8","720","480","driving_01_s01"
"driving_01","137","6.85","720","480","driving_01_s01"
"driving_01","138","6.9","720","480","driving_01_s01"
"driving_01","139","6.95","720","480","driving_01_s01"
"driving_01","140","7","720","480","driving_01_s01"
"driving_01","141","7.05","720","480","driving_01_s01"
"driving_01","142","7.1","720","480","driving_01_s01"
"driving_01","143","7.15","720","480","driving_01_s01"
"driving_01","144","7.2","720","480","driving_01_s01"
"driving_01","145","7.25","720","480","driving_01_s01"
"driving_01","146","7.3","720","480","driving_01_s01"
"driving_01","147","7.35","720","480","driving_01_s01"
"driving_01","148","7.4","720","480","driving_01_s01"
"driving_01","149","7.45","720","480","driving_01_s01"
"driving_01","150","7.5","720","480","driving_01_s01"
"driving_01","151","7.55","720","480","driving_01_s01"
"driving_01","152","7.6","720","480","driving_01_s01"
"driving_01","153","7.65","720","480","driving_01_s01"
"driving_01","154","7.7","720","480","driving_01_s01"
"driving_01","155","7.75","720","480","driving_01_s01"
"driving_01","156","7.8","720","480","driving_01_s01"
"driving_01","157","7.85","720","480","driving_01_s01"
"driving_01","158","7.9","720","480","driving_01_s01"
"driving_01","159","7.95","720","480","driving_01_s01"
"driving_01","160","8","720","480","driving_01_s01"
"driving_01","161","8.05","720","480","driving_01_s01"
"driving_01","162","8.1","720","480","driving_01_s01"
"driving_01","163","8.15","720","480","driving_01_s01"
"driving_01","164","8.2","720","480","driving_01_s01"
"driving_01","165","8.25","720","480","driving_01_s01"
"driving_01","166","8.3","720","480","driving_01_s01"
"driving_01","167","8.35","720","480","driving_01_s01"
"driving_01","168","8.4","720","480","driving_01_s01"
"driving_01","169","8.45","720","480","driving_01_s01"
"driving_01","170","8.5","720","480","driving_01_s01"
"driving_01","171","8.55","720","480","driving_01_s01"
"driving_01","172","8.6","720","480","driving_01_s01"
"driving_01","173","8.65","720","480","driving_01_s01"
"driving_01","174","8.7","720","480","driving_01_s01"
"driving_01","175","8.75","720","480","driving_01_s01"
"driving_01","176","8.8","720","480","driving_01_s01"
"driving_01","177","8.85","720","480","driving_01_s01"
"driving_01","178","8.9","720","480","driving_01_s01"
"driving_01","179","8.95","720","480","driving_01_s01"
"driving_01","180","9","720","480","driving_01_s01"
"driving_01","181","9.05","720","480","driving_01_s01"
"driving_01","182","9.1","720","480","driving_01_s01"
"driving_01","183","9.15","720","480","driving_01_s01"
"driving_01","184","9.2","720","480","driving_01_s01"
"driving_01","185","9.25","720","480","driving_01_s01"
"driving_01","186","9.3","720","480","driving_01_s01"
"driving_01","187","9.35","720","480","driving_01_s01"
"driving_01","188","9.4","720","480","driving_01_s01"
"driving_01","189","9.45","720","480","driving_01_s01"
"driving_01","190","9.5","720","480","driving_01_s01"
"driving_01","191","9.55","720","480","driving_01_s01"
"driving_01","192","9.6","720","480","driving_01_s01"
"driving_01","193","9.65","720","480","driving_01_s01"
"driving_01","194","9.7","720","480","driving_01_s01"
"driving_01","195","9.75","720","480","driving_01_s01"
"driving_01","196","9.8","720","480","driving_01_s01"
"driving_01","197","9.85","720","480","driving_01_s01"
"driving_01","198","9.9","720","480","driving_01_s01"
"driving_01","199","9.95","720","480","driving_01_s01"
"driving_01","200","10","720","480","driving_01_s01"
"driving_01","201","10.05","720","480","driving_01_s01"
"driving_01","202","10.1","720","480","driving_01_s01"
"driving_01","203","10.15","720","480","driving_01_s01"
"driving_01","204","10.2","720","480","driving_01_s01"
"driving_01","205","10.25","720","480","driving_01_s01"
"driving_01","206","10.3","720","480","driving_01_s01"
"driving_01","207","10.35","720","480","driving_01_s01"
"driving_01","208","10.4","720","480","driving_01_s01"
"driving_01","209","10.45","720","480","driving_01_s01"
"driving_01","210","10.5","720","480","driving_01_s01"
"driving_01","211","10.55","720","480","driving_01_s01"
"driving_01","212","10.6","720","480","driving_01_s01"
"driving_01","213","10.65","720","480","driving_01_s01"
"driving_01","214","10.7","720","480","driving_01_s01"
"driving_01","215","10.75","720","480","driving_01_s01"
"driving_01","216","10.8","720","480","driving_01_s01"
"driving_01","217","10.85","720","480","driving_01_s01"
"driving_01","218","10.9","720","480","driving_01_s01"
"driving_01","219","10.95","720","480","driving_01_s01"
"driving_01","220","11","720","480","driving_01_s01"
"driving_01","221","11.05","720","480","driving_01_s01"
"driving_01","222","11.1","720","480","driving_01_s01"
"driving_01","223","11.15","720","480","driving_01_s01"
"driving_01","224","11.2","720","480","driving_01_s01"
"driving_01","225","11.25","720","480","driving_01_s01"
"driving_01","226","11.3","720","480","driving_01_s01"
"driving_01","227","11.35","720","480","driving_01_s01"
"driving_01","228","11.4","720","480","driving_01_s01"
"driving_01","229","11.45","720","480","driving_01_s01"
"driving_01","230","11.5","720","480","driving_01_s01"
"driving_01","231","11.55","720","480","driving_01_s01"
"driving_01","232","11.6","720","480","driving_01_s01"
"driving_01","233","11.65","720","480","driving_01_s01"
"driving_01","234","11.7","720","480","driving_01_s01"
"driving_01","235","11.75","720","480","driving_01_s01"
"driving_01","236","11.8","720","480","driving_01_s01"
"driving_01","237","11.85","720","480","driving_01_s01"
"driving_01","238","11.9","720","480","driving_01_s01"
"driving_01","239","11.95","720","480","driving_01_s01"
"driving_01","240","12","720","480","driving_01_s01"
"driving_01","241","12.05","720","480","driving_01_s01"
"driving_01","242","12.1","720","480","driving_01_s01"
"driving_01","243","12.15","720","480","driving_01_s01"
"driving_01","244","12.2","720","480","driving_01_s01"
"driving_01","245","12.25","720","480","driving_01_s01"
"driving_01","246","12.3","720","480","driving_01_s01"
"driving_01","247","12.35","720","480","driving_01_s01"
"driving_01","248","12.4","720","480","driving_01_s01"
"driving_01","249","12.45","720","480","driving_01_s01"
"driving_01","250","12.5","720","480","driving_01_s01"
"driving_01","251","12.55","720","480","driving_01_s01"
"driving_01","252","12.6","720","480","driving_01_s01"
"driving_01","253","12.65","720","480","driving_01_s01"
"driving_01","254","12.7","720","480","driving_01_s01"
"driving_01","255","12.75","720","480","driving_01_s01"
"driving_01","256","12.8","720","480","driving_01_s01"
"driving_01","257","12.85","720","480","driving_01_s01"
"driving_01","258","12.9","720","480","driving_01_s01"
"driving_01","259","12.95","720","480","driving_01_s01"
"driving_01","260","13","720","480","driving_01_s01"
"driving_01","261","13.05","720","480","driving_01_s01"
"driving_01","262","13.1","720","480","driving_01_s01"
"driving_01","263","13.15","720","480","driving_01_s01"
"driving_01","264","13.2","720","480","driving_01_s01"
"driving_01","265","13.25","720","480","driving_01_s01"
"driving_01","266","13.3","720","480","driving_01_s01"
"driving_01","267","13.35","720","480","driving_01_s01"
"driving_01","268","13.4","720","480","driving_01_s01"
"driving_01","269","13.45","720","480","driving_01_s01"
"driving_01","270","13.5","720","480","driving_01_s01"
"driving_01","271","13.55","720","480","driving_01_s01"
"driving_01","272","13.6","720","480","driving_01_s01"
"driving_01","273","13.65","720","480","driving_01_s01"
"driving_01","274","13.7","720","480","driving_01_s01"
"driving_01","275","13.75","720","480","driving_01_s01"
"driving_01","276","13.8","720","480","driving_01_s01"
"driving_01","277","13.85","720","480","driving_01_s01"
"driving_01","278","13.9","720","480","driving_01_s01"
"driving_01","279","13.95","720","480","driving_01_s01"
"driving_01","280","14","720","480","driving_01_s01"
"driving_01","281","14.05","720","480","driving_01_s01"
"driving_01","282","14.1","720","480","driving_01_s01"
"driving_01","283","14.15","720","480","driving_01_s01"
"driving_01","284","14.2","720","480","driving_01_s01"
"driving_01","285","14.25","720","480","driving_01_s01"
"driving_01","286","14.3","720","480","driving_01_s01"
"driving_01","287","14.35","720","480","driving_01_s01"
"driving_01","288","14.4","720","480","driving_01_s01"
"driving_01","289","14.45","720","480","driving_01_s01"
"driving_01","290","14.5","720","480","driving_01_s01"
"driving_01","291","14.55","720","480","driving_01_s01"
"driving_01","292","14.6","720","480","driving_01_s01"
"driving_01","293","14.65","720","480","driving_01_s01"
"driving_01","294","14.7","720","480","driving_01_s01"
"driving_01","295","14.75","720","480","driving_01_s01"
"driving_01","296","14.8","720","480","driving_01_s01"
"driving_01","297","14.85","720","480","driving_01_s01"
"driving_01","298","14.9","720","480","driving_01_s01"
"driving_01","299","14.95","720","480","driving_01_s01"
"driving_01","300","15","720","480","driving_01_s01"
"driving_01","301","15.05","720","480","driving_01_s01"
"driving_01","302","15.1","720","480","driving_01_s01"
"driving_01","303","15.15","720","480","driving_01_s01"
"driving_01","304","15.2","720","480","driving_01_s01"
"driving_01","305","15.25","720","480","driving_01_s01"
"driving_01","306","15.3","720","480","driving_01_s01"
"driving_01","307","15.35","720","480","driving_01_s01"
"driving_01","308","15.4","720","480","driving_01_s01"
"driving_01","309","15.45","720","480","driving_01_s01"
"driving_01","310","15.5","720","480","driving_01_s01"
"driving_01","311","15.55","720","480","driving_01_s01"
"driving_01","312","15.6","720","480","driving_01_s01"
"driving_01","313","15.65","720","480","driving_01_s01"
"driving_01","314","15.7","720","480","driving_01_s01"
"driving_01","315","15.75","720","480","driving_01_s01"
"driving_01","316","15.8","720","480","driving_01_s01"
"driving_01","317","15.85","720","480","driving_01_s01"
"driving_01","318","15.9","720","480","driving_01_s01"
"driving_01","319","15.95","720","480","driving_01_s01"
"driving_01","320","16","720","480","driving_01_s01"
"driving_01","321","16.05","720","480","driving_01_s01"
"driving_01","322","16.1","720","480","driving_01_s01"
"driving_01","323","16.15","720","480","driving_01_s01"
"driving_01","324","16.2","720","480","driving_01_s01"
"driving_01","325","16.25","720","480","driving_01_s01"
"driving_01","326","16.3","720","480","driving_01_s01"
"driving_01","327","16.35","720","480","driving_01_s01"
"driving_01","328","16.4","720","480","driving_01_s01"
"driving_01","329","16.45","720","480","driving_01_s01"
"driving_01","330","16.5","720","480","driving_01_s01"
"driving_01","331","16.55","720","480","driving_01_s01"
"driving_01","332","16.6","720","480","driving_01_s01"
"driving_01","333","16.65","720","480","driving_01_s01"
"driving_01","334","16.7","720","480","driving_01_s01"
"driving_01","335","16.75","720","480","driving_01_s01"
"driving_01","336","16.8","720","480","driving_01_s01"
"driving_01","337","16.85","720","480","driving_01_s01"
"driving_01","338","16.9","720","480","driving_01_s01"
"driving_01","339","16.95","720","480","driving_01_s01"
"driving_01","340","17","720","480","driving_01_s01"
"driving_01","341","17.05","720","480","driving_01_s01"
"driving_01","342","17.1","720","480","driving_01_s01"
"driving_01","343","17.15","720","480","driving_01_s01"
"driving_01","344","17.2","720","480","driving_01_s01"
"driving_01","345","17.25","720","480","driving_01_s01"
"driving_01","346","17.3","720","480","driving_01_s01"
"driving_01","347","17.35","720","480","driving_01_s01"
"driving_01","348","17.4","720","480","driving_01_s01"
"driving_01","349","17.45","720","480","driving_01_s01"
"driving_01","350","17.5","720","480","driving_01_s01"
"driving_01","351","17.55","720","480","driving_01_s01"
"driving_01","352","17.6","720","480","driving_01_s01"
"driving_01","353","17.65","720","480","driving_01_s01"
"driving_01","354","17.7","720","480","driving_01_s01"
"driving_01","355","17.75","720","480","driving_01_s01"
"driving_01","356","17.8","720","480","driving_01_s01"
"driving_01","357","17.85","720","480","driving_01_s01"
"driving_01","358","17.9","720","480","driving_01_s01"
"driving_01","359","17.95","720","480","driving_01_s01"
"driving_01","360","18","720","480","driving_01_s01"
"driving_01","361","18.05","720","480","driving_01_s01"
"driving_01","362","18.1","720","480","driving_01_s01"
"driving_01","363","18.15","720","480","driving_01_s01"
"driving_01","364","18.2","720","480","driving_01_s01"
"driving_01","365","18.25","720","480","driving_01_s01"
"driving_01","366","18.3","720","480","driving_01_s01"
"driving_01","367","18.35","720","480","driving_01_s01"
"driving_01","368","18.4","720","480","driving_01_s01"
"driving_01","369","18.45","720","480","driving_01_s01"
"driving_01","370","18.5","720","480","driving_01_s01"
"driving_01","371","18.55","720","480","driving_01_s01"
"driving_01","372","18.6","720","480","driving_01_s01"
"driving_01","373","18.65","720","480","driving_01_s01"
"driving_01","374","18.7","720","480","driving_01_s01"
"driving_01","375","18.75","720","480","driving_01_s01"
"driving_01","376","18.8","720","480","driving_01_s01"
"driving_01","377","18.85","720","480","driving_01_s01"
"driving_01","378","18.9","720","480","driving_01_s01"
"driving_01","379","18.95","720","480","driving_01_s01"
"driving_01","380","19","720","480","driving_01_s01"
"driving_01","381","19.05","720","480","driving_01_s01"
"driving_01","382","19.1","720","480","driving_01_s01"
"driving_01","383","19.15","720","480","driving_01_s01"
"driving_01","384","19.2","720","480","driving_01_s01"
"driving_01","385","19.25","720","480","driving_01_s01"
"driving_01","386","19.3","720","480","driving_01_s01"
"driving_01","387","19.35","720","480","driving_01_s01"
"driving_01","388","19.4","720","480","driving_01_s01"
"driving_01","389","19.45","720","480","driving_01_s01"
"driving_01","390","19.5","720","480","driving_01_s01"
"driving_01","391","19.55","720","480","driving_01_s01"
"driving_01","392","19.6","720","480","driving_01_s01"
"driving_01","393","19.65","720","480","driving_01_s01"
"driving_01","394","19.7","720","480","driving_01_s01"
"driving_01","395","19.75","720","480","driving_01_s01"
"driving_01","396","19.8","720","480","driving_01_s01"
"driving_01","397","19.85","720","480","driving_01_s01"
"driving_01","398","19.9","720","480","driving_01_s01"
"driving_01","399","19.95","720","480","driving_01_s01"
"driving_01","400","20","720","480","driving_01_s01"
"driving_01","401","20.05","720","480","driving_01_s01"
"driving_01","402","20.1","720","480","driving_01_s01"
"driving_01","403","20.15","720","480","driving_01_s01"
"driving_01","404","20.2","720","480","driving_01_s01"
"driving_01","405","20.25","720","480","driving_01_s01"
"driving_01","406","20.3","720","480","driving_01_s01"
"driving_01","407","20.35","720","480","driving_01_s01"
"driving_01","408","20.4","720","480","driving_01_s01"
"driving_01","409","20.45","720","480","driving_01_s01"
"driving_01","410","20.5","720","480","driving_01_s01"
"driving_01","411","20.55","720","480","driving_01_s01"
"driving_01","412","20.6","720","480","driving_01_s01"
"driving_01","413","20.65","720","480","driving_01_s01"
"driving_01","414","20.7","720","480","driving_01_s01"
"driving_01","415","20.75","720","480","driving_01_s01"
"driving_01","416","20.8","720","480","driving_01_s01"
"driving_01","417","20.85","720","480","driving_01_s01"
"driving_01","418","20.9","720","480","driving_01_s01"
"driving_01","419","20.95","720","480","driving_01_s01"
"driving_01","420","21","720","480","driving_01_s01"
"driving_01","421","21.05","720","480","driving_01_s01"
"driving_01","422","21.1","720","480","driving_01_s01"
"driving_01","423","21.15","720","480","driving_01_s01"
"driving_01","424","21.2","720","480","driving_01_s01"
"driving_01","425","21.25","720","480","driving_01_s01"
"driving_01","426","21.3","720","480","driving_01_s01"
"driving_01","427","21.35","720","480","driving_01_s01"
"driving_01","428","21.4","720","480","driving_01_s01"
"driving_01","429","21.45","720","480","driving_01_s01"
"driving_01","430","21.5","720","480","driving_01_s01"
"driving_01","431","21.55","720","480","driving_01_s01"
"driving_01","432","21.6","720","480","driving_01_s01"
"driving_01","433","21.65","720","480","driving_01_s01"
"driving_01","434","21.7","720","480","driving_01_s01"
"driving_01","435","21.75","720","480","driving_01_s01"
"driving_01","436","21.8","720","480","driving_01_s01"
"driving_01","437","21.85","720","480","driving_01_s01"
"driving_01","438","21.9","720","480","driving_01_s01"
"driving_01","439","21.95","720","480","driving_01_s01"
"driving_01","440","22","720","480","driving_01_s01"
"driving_01","441","22.05","720","480","driving_01_s01"
"driving_01","442","22.1","720","480","driving_01_s01"
"driving_01","443","22.15","720","480","driving_01_s01"
"driving_01","444","22.2","720","480","driving_01_s01"
"driving_01","445","22.25","720","480","driving_01_s01"
"driving_01","446","22.3","720","480","driving_01_s01"
"driving_01","447","22.35","720","480","driving_01_s01"
"driving_01","448","22.4","720","480","driving_01_s01"
"driving_01","449","22.45","720","480","driving_01_s01"
"driving_01","450","22.5","720","480","driving_01_s01"
"driving_01","451","22.55","720","480","driving_01_s01"
"driving_01","452","22.6","720","480","driving_01_s01"
"driving_01","453","22.65","720","480","driving_01_s01"
"driving_01","454","22.7","720","480","driving_01_s01"
"driving_01","455","22.75","720","480","driving_01_s01"
"driving_01","456","22.8","720","480","driving_01_s01"
"driving_01","457","22.85","720","480","driving_01_s01"
"driving_01","458","22.9","720","480","driving_01_s01"
"driving_01","459","22.95","720","480","driving_01_s01"
"driving_01","460","23","720","480","driving_01_s01"
"driving_01","461","23.05","720","480","driving_01_s01"
"driving_01","462","23.1","720","480","driving_01_s01"
"driving_01","463","23.15","720","480","driving_01_s01"
"driving_01","464","23.2","720","480","driving_01_s01"
"driving_01","465","23.25","720","480","driving_01_s01"
"driving_01","466","23.3","720","480","driving_01_s01"
"driving_01","467","23.35","720","480","driving_01_s01"
"driving_01","468","23.4","720","480","driving_01_s01"
"driving_01","469","23.45","720","480","driving_01_s01"
"driving_01","470","23.5","720","480","driving_01_s01"
"driving_01","471","23.55","720","480","driving_01_s01"
"driving_01","472","23.6","720","480","driving_01_s01"
"driving_01","473","23.65","720","480","driving_01_s01"
"driving_01","474","23.7","720","480","driving_01_s01"
"driving_01","475","23.75","720","480","driving_01_s01"
"driving_01","476","23.8","720","480","driving_01_s01"
"driving_01","477","23.85","720","480","driving_01_s01"
"driving_01","478","23.9","720","480","driving_01_s01"
"driving_01","479","23.95","720","480","driving_01_s01"
"driving_01","480","24","720","480","driving_01_s01"
"driving_01","481","24.05","720","480","driving_01_s01"
"driving_01","482","24.1","720","480","driving_01_s01"
"driving_01","483","24.15","720","480","driving_01_s01"
"driving_01","484","24.2","720","480","driving_01_s01"
"driving_01","485","24.25","720","480","driving_01_s01"
"driving_01","486","24.3","720","480","driving_01_s01"
"driving_01","487","24.35","720","480","driving_01_s01"
"driving_01","488","24.4","720","480","driving_01_s01"
"driving_01","489","24.45","720","480","driving_01_s01"
"driving_01","490","24.5","720","480","driving_01_s01"
"driving_01","491","24.55","720","480","driving_01_s01"
"driving_01","492","24.6","720","480","driving_01_s01"
"driving_01","493","24.65","720","480","driving_01_s01"
"driving_01","494","24.7","720","480","driving_01_s01"
"driving_01","495","24.75","720","480","driving_01_s01"
"driving_01","496","24.8","720","480","driving_01_s01"
"driving_01","497","24.85","720","480","driving_01_s01"
"driving_01","498","24.9","720","480","driving_01_s01"
"driving_01","499","24.95","720","480","driving_01_s01"
"driving_01","500","25","720","480","driving_01_s01"
"driving_01","501","25.05","720","480","driving_01_s01"
"driving_01","502","25.1","720","480","driving_01_s01"
"driving_01","503","25.15","720","480","driving_01_s01"
"driving_01","504","25.2","720","480","driving_01_s01"
"driving_01","505","25.25","720","480","driving_01_s01"
"driving_01","506","25.3","720","480","driving_01_s01"
"driving_01","507","25.35","720","480","driving_01_s01"
"driving_01","508","25.4","720","480","driving_01_s01"
"driving_01","509","25.45","720","480","driving_01_s01"
"driving_01","510","25.5","720","480","driving_01_s01"
"driving_01","511","25.55","720","480","driving_01_s01"
"driving_01","512","25.6","720","480","driving_01_s01"
"driving_01","513","25.65","720","480","driving_01_s01"
"driving_01","514","25.7","720","480","driving_01_s01"
"driving_01","515","25.75","720","480","driving_01_s01"
"driving_01","516","25.8","720","480","driving_01_s01"
"driving_01","517","25.85","720","480","driving_01_s01"
"driving_01","518","25.9","720","480","driving_01_s01"
"driving_01","519","25.95","720","480","driving_01_s01"
"driving_01","520","26","720","480","driving_01_s01"
"driving_01","521","26.05","720","480","driving_01_s01"
"driving_01","522","26.1","720","480","driving_01_s01"
"driving_01","523","26.15","720","480","driving_01_s01"
"driving_01","524","26.2","720","480","driving_01_s01"
"driving_01","525","26.25","720","480","driving_01_s01"
"driving_01","526","26.3","720","480","driving_01_s01"
"driving_01","527","26.35","720","480","driving_01_s01"
"driving_01","528","26.4","720","480","driving_01_s01"
"driving_01","529","26.45","720","480","driving_01_s01"
"driving_01","530","26.5","720","480","driving_01_s01"
"driving_01","531","26.55","720","480","driving_01_s01"
"driving_01","532","26.6","720","480","driving_01_s01"
"driving_01","533","26.65","720","480","driving_01_s01"
"driving_01","534","26.7","720","480","driving_01_s01"
"driving_01","535","26.75","720","480","driving_01_s01"
"driving_01","536","26.8","720","480","driving_01_s01"
"driving_01","537","26.85","720","480","driving_01_s01"
"driving_01","538","26.9","720","480","driving_01_s01"
"driving_01","539","26.95","720","480","driving_01_s01"
"driving_01","540","27","720","480","driving_01_s01"
"driving_01","541","27.05","720","480","driving_01_s01"
"driving_01","542","27.1","720","480","driving_01_s01"
"driving_01","543","27.15","720","480","driving_01_s01"
"driving_01","544","27.2","720","480","driving_01_s01"
"driving_01","545","27.25","720","480","driving_01_s01"
"driving_01","546","27.3","720","480","driving_01_s01"
"driving_01","547","27.35","720","480","driving_01_s01"
"driving_01","548","27.4","720","480","driving_01_s01"
"driving_01","549","27.45","720","480","driving_01_s01"
"driving_01","550","27.5","720","480","driving_01_s01"
"driving_01","551","27.55","720","480","driving_01_s01"
"driving_01","552","27.6","720","480","driving_01_s01"
"driving_01","553","27.65","720","480","driving_01_s01"
"driving_01","554","27.7","720","480","driving_01_s01"
"driving_01","555","27.75","720","480","driving_01_s01"
"driving_01","556","27.8","720","480","driving_01_s01"
"driving_01","557","27.85","720","480","driving_01_s01"
"driving_01","558","27.9","720","480","driving_01_s01"
"driving_01","559","27.95","720","480","driving_01_s01"
"driving_01","560","28","720","480","driving_01_s01"
"driving_01","561","28.05","720","480","driving_01_s01"
"driving_01","562","28.1","720","480","driving_01_s01"
"driving_01","563","28.15","720","480","driving_01_s01"
"driving_01","564","28.2","720","480","driving_01_s01"
"driving_01","565","28.25","720","480","driving_01_s01"
"driving_01","566","28.3","720","480","driving_01_s01"
"driving_01","567","28.35","720","480","driving_01_s01"
"driving_01","568","28.4","720","480","driving_01_s01"
"driving_01","569","28.45","720","480","driving_01_s01"
"driving_01","570","28.5","720","480","driving_01_s01"
"driving_01","571","28.55","720","480","driving_01_s01"
"driving_01","572","28.6","720","480","driving_01_s01"
"driving_01","573","28.65","720","480","driving_01_s01"
"driving_01","574","28.7","720","480","driving_01_s01"
"driving_01","575","28.75","720","480","driving_01_s01"
"driving_01","576","28.8","720","480","driving_01_s01"
"driving_01","577","28.85","720","480","driving_01_s01"
"driving_01","578","28.9","720","480","driving_01_s01"
"driving_01","579","28.95","720","480","driving_01_s01"
"driving_01","580","29","720","480","driving_01_s01"
"driving_01","581","29.05","720","480","driving_01_s01"
"driving_01","582","29.1","720","480","driving_01_s01"
"driving_01","583","29.15","720","480","driving_01_s01"
"driving_01","584","29.2","720","480","driving_01_s01"
"driving_01","585","29.25","720","480","driving_01_s01"
"driving_01","586","29.3","720","480","driving_01_s01"
"driving_01","587","29.35","720","480","driving_01_s01"
"driving_01","588","29.4","720","480","driving_01_s01"
"driving_01","589","29.45","720","480","driving_01_s01"
"driving_01","590","29.5","720","480","driving_01_s01"
"driving_01","591","29.55","720","480","driving_01_s01"
"driving_01","592","29.6","720","480","driving_01_s01"
"driving_01","593","29.65","720","480","driving_01_s01"
"driving_01","594","29.7","720","480","driving_01_s01"
"driving_01","595","29.75","720","480","driving_01_s01"
"driving_01","596","29.8","720","480","driving_01_s01"
"driving_01","597","29.85","720","480","driving_01_s01"
"driving_01","598","29.9","720","480","driving_01_s01"
"driving_01","599","29.95","720","480","driving_01_s01"
"driving_01","600","30","720","480","driving_01_s01"
"driving_01","601","30.05","720","480","driving_01_s01"
"driving_01","602","30.1","720","480","driving_01_s01"
"driving_01","603","30.15","720","480","driving_01_s01"
"driving_01","604","30.2","720","480","driving_01_s01"
"driving_01","605","30.25","720","480","driving_01_s01"
"driving_01","606","30.3","720","480","driving_01_s01"
"driving_01","607","30.35","720","480","driving_01_s01"
"driving_01","608","30.4","720","480","driving_01_s01"
"driving_01","609","30.45","720","480","driving_01_s01"
"driving_01","610","30.5","720","480","driving_01_s01"
"driving_01","611","30.55","720","480","driving_01_s01"
"driving_01","612","30.6","720","480","driving_01_s01"
"driving_01","613","30.65","720","480","driving_01_s01"
"driving_01","614","30.7","720","480","driving_01_s01"
"driving_01","615","30.75","720","480","driving_01_s01"
"driving_01","616","30.8","720","480","driving_01_s01"
"driving_01","617","30.85","720","480","driving_01_s01"
"driving_01","618","30.9","720","480","driving_01_s01"
"driving_01","619","30.95","720","480","driving_01_s01"
"driving_01","620","31","720","480","driving_01_s01"
"driving_01","621","31.05","720","480","driving_01_s01"
"driving_01","622","31.1","720","480","driving_01_s01"
"driving_01","623","31.15","720","480","driving_01_s01"
"driving_01","624","31.2","720","480","driving_01_s01"
"driving_01","625","31.25","720","480","driving_01_s01"
"driving_01","626","31.3","720","480","driving_01_s01"
"driving_01","627","31.35","720","480","driving_01_s01"
"driving_01","628","31.4","720","480","driving_01_s01"
"driving_01","629","31.45","720","480","driving_01_s01"
"driving_01","630","31.5","720","480","driving_01_s01"
"driving_01","631","31.55","720","480","driving_01_s01"
"driving_01","632","31.6","720","480","driving_01_s01"
"driving_01","633","31.65","720","480","driving_01_s01"
"driving_01","634","31.7","720","480","driving_01_s01"
"driving_01","635","31.75","720","480","driving_01_s01"
"driving_01","636","31.8","720","480","driving_01_s01"
"driving_01","637","31.85","720","480","driving_01_s01"
"driving_01","638","31.9","720","480","driving_01_s01"
"driving_01","639","31.95","720","480","driving_01_s01"
"driving_01","640","32","720","480","driving_01_s01"
"driving_01","641","32.05","720","480","driving_01_s01"
"driving_01","642","32.1","720","480","driving_01_s01"
"driving_01","643","32.15","720","480","driving_01_s01"
"driving_01","644","32.2","720","480","driving_01_s01"
"driving_01","645","32.25","720","480","driving_01_s01"
"driving_01","646","32.3","720","480","driving_01_s01"
"driving_01","647","32.35","720","480","driving_01_s01"
"driving_01","648","32.4","720","480","driving_01_s01"
"driving_01","649","32.45","720","480","driving_01_s01"
"driving_01","650","32.5","720","480","driving_01_s01"
"driving_01","651","32.55","720","480","driving_01_s01"
"driving_01","652","32.6","720","480","driving_01_s01"
"driving_01","653","32.65","720","480","driving_01_s01"
"driving_01","654","32.7","720","480","driving_01_s01"
"driving_01","655","32.75","720","480","driving_01_s01"
"driving_01","656","32.8","720","480","driving_01_s01"
"driving_01","657","32.85","720","480","driving_01_s01"
"driving_01","658","32.9","720","480","driving_01_s01"
"driving_01","659","32.95","720","480","driving_01_s01"
"driving_01","660","33","720","480","driving_01_s01"
"driving_01","661","33.05","720","480","driving_01_s01"
"driving_01","662","33.1","720","480","driving_01_s01"
"driving_01","663","33.15","720","480","driving_01_s01"
"driving_01","664","33.2","720","480","driving_01_s01"
"driving_01","665","33.25","720","480","driving_01_s01"
"driving_01","666","33.3","720","480","driving_01_s01"
"driving_01","667","33.35","720","480","driving_01_s01"
"driving_01","668","33.4","720","480","driving_01_s02"
"driving_01","669","33.45","720","480","driving_01_s02"
"driving_01","670","33.5","720","480","driving_01_s02"
"driving_01","671","33.55","720","480","driving_01_s02"
"driving_01","672","33.6","720","480","driving_01_s02"
"driving_01","673","33.65","720","480","driving_01_s02"
"driving_01","674","33.7","720","480","driving_01_s02"
"driving_01","675","33.75","720","480","driving_01_s02"
"driving_01","676","33.8","720","480","driving_01_s02"
"driving_01","677","33.85","720","480","driving_01_s02"
"driving_01","678","33.9","720","480","driving_01_s02"
"driving_01","679","33.95","720","480","driving_01_s02"
"driving_01","680","34","720","480","driving_01_s02"
"driving_01","681","34.05","720","480","driving_01_s02"
"driving_01","682","34.1","720","480","driving_01_s02"
"driving_01","683","34.15","720","480","driving_01_s02"
"driving_01","684","34.2","720","480","driving_01_s02"
"driving_01","685","34.25","720","480","driving_01_s02"
"driving_01","686","34.3","720","480","driving_01_s02"
"driving_01","687","34.35","720","480","driving_01_s02"
"driving_01","688","34.4","720","480","driving_01_s02"
"driving_01","689","34.45","720","480","driving_01_s02"
"driving_01","690","34.5","720","480","driving_01_s02"
"driving_01","691","34.55","720","480","driving_01_s02"
"driving_01","692","34.6","720","480","driving_01_s02"
"driving_01","693","34.65","720","480","driving_01_s02"
"driving_01","694","34.7","720","480","driving_01_s02"
"driving_01","695","34.75","720","480","driving_01_s02"
"driving_01","696","34.8","720","480","driving_01_s02"
"driving_01","697","34.85","720","480","driving_01_s02"
"driving_01","698","34.9","720","480","driving_01_s02"
"driving_01","699","34.95","720","480","driving_01_s02"
"driving_01","700","35","720","480","driving_01_s02"
"driving_01","701","35.05","720","480","driving_01_s02"
"driving_01","702","35.1","720","480","driving_01_s02"
"driving_01","703","35.15","720","480","driving_01_s02"
"driving_01","704","35.2","720","480","driving_01_s02"
"driving_01","705","35.25","720","480","driving_01_s02"
"driving_01","706","35.3","720","480","driving_01_s02"
"driving_01","707","35.35","720","480","driving_01_s02"
"driving_01","708","35.4","720","480","driving_01_s02"
"driving_01","709","35.45","720","480","driving_01_s02"
"driving_01","710","35.5","720","480","driving_01_s02"
"driving_01","711","35.55","720","480","driving_01_s02"
"driving_01","712","35.6","720","480","driving_01_s02"
"driving_01","713","35.65","720","480","driving_01_s02"
"driving_01","714","35.7","720","480","driving_01_s02"
"driving_01","715","35.75","720","480","driving_01_s02"
"driving_01","716","35.8","720","480","driving_01_s02"
"driving_01","717","35.85","720","480","driving_01_s02"
"driving_01","718","35.9","720","480","driving_01_s02"
"driving_01","719","35.95","720","480","driving_01_s02"
"driving_01","720","36","720","480","driving_01_s02"
"driving_01","721","36.05","720","480","driving_01_s02"
"driving_01","722","36.1","720","480","driving_01_s02"
"driving_01","723","36.15","720","480","driving_01_s02"
"driving_01","724","36.2","720","480","driving_01_s02"
"driving_01","725","36.25","720","480","driving_01_s02"
"driving_01","726","36.3","720","480","driving_01_s02"
"driving_01","727","36.35","720","480","driving_01_s02"
"driving_01","728","36.4","720","480","driving_01_s02"
"driving_01","729","36.45","720","480","driving_01_s02"
"driving_01","730","36.5","720","480","driving_01_s02"
"driving_01","731","36.55","720","480","driving_01_s02"
"driving_01","732","36.6","720","480","driving_01_s02"
"driving_01","733","36.65","720","480","driving_01_s02"
"driving_01","734","36.7","720","480","driving_01_s02"
"driving_01","735","36.75","720","480","driving_01_s02"
"driving_01","736","36.8","720","480","driving_01_s02"
"driving_01","737","36.85","720","480","driving_01_s02"
"driving_01","738","36.9","720","480","driving_01_s02"
"driving_01","739","36.95","720","480","driving_01_s02"
"driving_01","740","37","720","480","driving_01_s02"
"driving_01","741","37.05","720","480","driving_01_s02"
"driving_01","742","37.1","720","480","driving_01_s02"
"driving_01","743","37.15","720","480","driving_01_s02"
"driving_01","744","37.2","720","480","driving_01_s02"
"driving_01","745","37.25","720","480","driving_01_s02"
"driving_01","746","37.3","720","480","driving_01_s02"
"driving_01","747","37.35","720","480","driving_01_s02"
"driving_01","748","37.4","720","480","driving_01_s02"
"driving_01","749","37.45","720","480","driving_01_s02"
"driving_01","750","37.5","720","480","driving_01_s02"
"driving_01","751","37.55","720","480","driving_01_s02"
"driving_01","752","37.6","720","480","driving_01_s02"
"driving_01","753","37.65","720","480","driving_01_s02"
"driving_01","754","37.7","720","480","driving_01_s02"
"driving_01","755","37.75","720","480","driving_01_s02"
"driving_01","756","37.8","720","480","driving_01_s02"
"driving_01","757","37.85","720","480","driving_01_s02"
"driving_01","758","37.9","720","480","driving_01_s02"
"driving_01","759","37.95","720","480","driving_01_s02"
"driving_01","760","38","720","480","driving_01_s02"
"driving_01","761","38.05","720","480","driving_01_s02"
"driving_01","762","38.1","720","480","driving_01_s02"
"driving_01","763","38.15","720","480","driving_01_s02"
"driving_01","764","38.2","720","480","driving_01_s02"
"driving_01","765","38.25","720","480","driving_01_s02"
"driving_01","766","38.3","720","480","driving_01_s02"
"driving_01","767","38.35","720","480","driving_01_s02"
"driving_01","768","38.4","720","480","driving_01_s02"
"driving_01","769","38.45","720","480","driving_01_s02"
"driving_01","770","38.5","720","480","driving_01_s02"
"driving_01","771","38.55","720","480","driving_01_s02"
"driving_01","772","38.6","720","480","driving_01_s02"
"driving_01","773","38.65","720","480","driving_01_s02"
"driving_01","774","38.7","720","480","driving_01_s02"
"driving_01","775","38.75","720","480","driving_01_s02"
"driving_01","776","38.8","720","480","driving_01_s02"
"driving_01","777","38.85","720","480","driving_01_s02"
"driving_01","778","38.9","720","480","driving_01_s02"
"driving_01","779","38.95","720","480","driving_01_s02"
"driving_01","780","39","720","480","driving_01_s02"
"driving_01","781","39.05","720","480","driving_01_s02"
"driving_01","782","39.1","720","480","driving_01_s02"
"driving_01","783","39.15","720","480","driving_01_s02"
"driving_01","784","39.2","720","480","driving_01_s02"
"driving_01","785","39.25","720","480","driving_01_s02"
"driving_01","786","39.3","720","480","driving_01_s02"
"driving_01","787","39.35","720","480","driving_01_s02"
"driving_01","788","39.4","720","480","driving_01_s02"
"driving_01","789","39.45","720","480","driving_01_s02"
"driving_01","790","39.5","720","480","driving_01_s02"
"driving_01","791","39.55","720","480","driving_01_s02"
"driving_01","792","39.6","720","480","driving_01_s02"
"driving_01","793","39.65","720","480","driving_01_s02"
"driving_01","794","39.7","720","480","driving_01_s02"
"driving_01","795","39.75","720","480","driving_01_s02"
"driving_01","796","39.8","720","480","driving_01_s02"
"driving_01","797","39.85","720","480","driving_01_s02"
"driving_01","798","39.9","720","480","driving_01_s02"
"driving_01","799","39.95","720","480","driving_01_s02"
"driving_01","800","40","720","480","driving_01_s02"
"driving_01","801","40.05","720","480","driving_01_s02"
"driving_01","802","40.1","720","480","driving_01_s02"
"driving_01","803","40.15","720","480","driving_01_s02"
"driving_01","804","40.2","720","480","driving_01_s02"
"driving_01","805","40.25","720","480","driving_01_s02"
"driving_01","806","40.3","720","480","driving_01_s02"
"driving_01","807","40.35","720","480","driving_01_s02"
"driving_01","808","40.4","720","480","driving_01_s02"
"driving_01","809","40.45","720","480","driving_01_s02"
"driving_01","810","40.5","720","480","driving_01_s02"
"driving_01","811","40.55","720","480","driving_01_s02"
"driving_01","812","40.6","720","480","driving_01_s02"
"driving_01","813","40.65","720","480","driving_01_s02"
"driving_01","814","40.7","720","480","driving_01_s02"
"driving_01","815","40.75","720","480","driving_01_s02"
"driving_01","816","40.8","720","480","driving_01_s02"
"driving_01","817","40.85","720","480","driving_01_s02"
"driving_01","818","40.9","720","480","driving_01_s02"
"driving_01","819","40.95","720","480","driving_01_s02"
"driving_01","820","41","720","480","driving_01_s02"
"driving_01","821","41.05","720","480","driving_01_s02"
"driving_01","822","41.1","720","480","driving_01_s02"
"driving_01","823","41.15","720","480","driving_01_s02"
"driving_01","824","41.2","720","480","driving_01_s02"
"driving_01","825","41.25","720","480","driving_01_s02"
"driving_01","826","41.3","720","480","driving_01_s02"
"driving_01","827","41.35","720","480","driving_01_s02"
"driving_01","828","41.4","720","480","driving_01_s02"
"driving_01","829","41.45","720","480","driving_01_s02"
"driving_01","830","41.5","720","480","driving_01_s02"
"driving_01","831","41.55","720","480","driving_01_s02"
"driving_01","832","41.6","720","480","driving_01_s02"
"driving_01","833","41.65","720","480","driving_01_s02"
"driving_01","834","41.7","720","480","driving_01_s02"
"driving_01","835","41.75","720","480","driving_01_s02"
"driving_01","836","41.8","720","480","driving_01_s02"
"driving_01","837","41.85","720","480","driving_01_s02"
"driving_01","838","41.9","720","480","driving_01_s02"
"driving_01","839","41.95","720","480","driving_01_s02"
"driving_01","840","42","720","480","driving_01_s02"
"driving_01","841","42.05","720","480","driving_01_s02"
"driving_01","842","42.1","720","480","driving_01_s02"
"driving_01","843","42.15","720","480","driving_01_s02"
"driving_01","844","42.2","720","480","driving_01_s02"
"driving_01","845","42.25","720","480","driving_01_s02"
"driving_01","846","42.3","720","480","driving_01_s02"
"driving_01","847","42.35","720","480","driving_01_s02"
"driving_01","848","42.4","720","480","driving_01_s02"
"driving_01","849","42.45","720","480","driving_01_s02"
"driving_01","850","42.5","720","480","driving_01_s02"
"driving_01","851","42.55","720","480","driving_01_s02"
"driving_01","852","42.6","720","480","driving_01_s02"
"driving_01","853","42.65","720","480","driving_01_s02"
"driving_01","854","42.7","720","480","driving_01_s02"
"driving_01","855","42.75","720","480","driving_01_s02"
"driving_01","856","42.8","720","480","driving_01_s02"
"driving_01","857","42.85","720","480","driving_01_s02"
"driving_01","858","42.9","720","480","driving_01_s02"
"driving_01","859","42.95","720","480","driving_01_s02"
"driving_01","860","43","720","480","driving_01_s02"
"driving_01","861","43.05","720","480","driving_01_s02"
"driving_01","862","43.1","720","480","driving_01_s02"
"driving_01","863","43.15","720","480","driving_01_s02"
"driving_01","864","43.2","720","480","driving_01_s02"
"driving_01","865","43.25","720","480","driving_01_s02"
"driving_01","866","43.3","720","480","driving_01_s02"
"driving_01","867","43.35","720","480","driving_01_s02"
"driving_01","868","43.4","720","480","driving_01_s02"
"driving_01","869","43.45","720","480","driving_01_s02"
"driving_01","870","43.5","720","480","driving_01_s02"
"driving_01","871","43.55","720","480","driving_01_s02"
"driving_01","872","43.6","720","480","driving_01_s02"
"driving_01","873","43.65","720","480","driving_01_s02"
"driving_01","874","43.7","720","480","driving_01_s02"
"driving_01","875","43.75","720","480","driving_01_s02"
"driving_01","876","43.8","720","480","driving_01_s02"
"driving_01","877","43.85","720","480","driving_01_s02"
"driving_01","878","43.9","720","480","driving_01_s02"
"driving_01","879","43.95","720","480","driving_01_s02"
"driving_01","880","44","720","480","driving_01_s02"
"driving_01","881","44.05","720","480","driving_01_s02"
"driving_01","882","44.1","720","480","driving_01_s02"
"driving_01","883","44.15","720","480","driving_01_s02"
"driving_01","884","44.2","720","480","driving_01_s02"
"driving_01","885","44.25","720","480","driving_01_s02"
"driving_01","886","44.3","720","480","driving_01_s02"
"driving_01","887","44.35","720","480","driving_01_s02"
"driving_01","888","44.4","720","480","driving_01_s02"
"driving_01","889","44.45","720","480","driving_01_s02"
"driving_01","890","44.5","720","480","driving_01_s02"
"driving_01","891","44.55","720","480","driving_01_s02"
"driving_01","892","44.6","720","480","driving_01_s02"
"driving_01","893","44.65","720","480","driving_01_s02"
"driving_01","894","44.7","720","480","driving_01_s02"
"driving_01","895","44.75","720","480","driving_01_s02"
"driving_01","896","44.8","720","480","driving_01_s02"
"driving_01","897","44.85","720","480","driving_01_s02"
"driving_01","898","44.9","720","480","driving_01_s02"
"driving_01","899","44.95","720","480","driving_01_s02"
"driving_01","900","45","720","480","driving_01_s02"
"driving_01","901","45.05","720","480","driving_01_s02"
"driving_01","902","45.1","720","480","driving_01_s02"
"driving_01","903","45.15","720","480","driving_01_s02"
"driving_01","904","45.2","720","480","driving_01_s02"
"driving_01","905","45.25","720","480","driving_01_s02"
"driving_01","906","45.3","720","480","driving_01_s02"
"driving_01","907","45.35","720","480","driving_01_s02"
"driving_01","908","45.4","720","480","driving_01_s02"
"driving_01","909","45.45","720","480","driving_01_s02"
"driving_01","910","45.5","720","480","driving_01_s02"
"driving_01","911","45.55","720","480","driving_01_s02"
"driving_01","912","45.6","720","480","driving_01_s02"
"driving_01","913","45.65","720","480","driving_01_s02"
"driving_01","914","45.7","720","480","driving_01_s02"
"driving_01","915","45.75","720","480","driving_01_s02"
"driving_01","916","45.8","720","480","driving_01_s02"
"driving_01","917","45.85","720","480","driving_01_s02"
"driving_01","918","45.9","720","480","driving_01_s02"
"driving_01","919","45.95","720","480","driving_01_s02"
"driving_01","920","46","720","480","driving_01_s02"
"driving_01","921","46.05","720","480","driving_01_s02"
"driving_01","922","46.1","720","480","driving_01_s02"
"driving_01","923","46.15","720","480","driving_01_s02"
"driving_01","924","46.2","720","480","driving_01_s02"
"driving_01","925","46.25","720","480","driving_01_s02"
"driving_01","926","46.3","720","480","driving_01_s02"
"driving_01","927","46.35","720","480","driving_01_s02"
"driving_01","928","46.4","720","480","driving_01_s02"
"driving_01","929","46.45","720","480","driving_01_s02"
"driving_01","930","46.5","720","480","driving_01_s02"
"driving_01","931","46.55","720","480","driving_01_s02"
"driving_01","932","46.6","720","480","driving_01_s02"
"driving_01","933","46.65","720","480","driving_01_s02"
"driving_01","934","46.7","720","480","driving_01_s02"
"driving_01","935","46.75","720","480","driving_01_s02"
"driving_01","936","46.8","720","480","driving_01_s02"
"driving_01","937","46.85","720","480","driving_01_s02"
"driving_01","938","46.9","720","480","driving_01_s02"
"driving_01","939","46.95","720","480","driving_01_s02"
"driving_01","940","47","720","480","driving_01_s02"
"driving_01","941","47.05","720","480","driving_01_s02"
"driving_01","942","47.1","720","480","driving_01_s02"
"driving_01","943","47.15","720","480","driving_01_s02"
"driving_01","944","47.2","720","480","driving_01_s02"
"driving_01","945","47.25","720","480","driving_01_s02"
"driving_01","946","47.3","720","480","driving_01_s02"
"driving_01","947","47.35","720","480","driving_01_s02"
"driving_01","948","47.4","720","480","driving_01_s02"
"driving_01","949","47.45","720","480","driving_01_s02"
"driving_01","950","47.5","720","480","driving_01_s02"
"driving_01","951","47.55","720","480","driving_01_s02"
"driving_01","952","47.6","720","480","driving_01_s02"
"driving_01","953","47.65","720","480","driving_01_s02"
"driving_01","954","47.7","720","480","driving_01_s02"
"driving_01","955","47.75","720","480","driving_01_s02"
"driving_01","956","47.8","720","480","driving_01_s02"
"driving_01","957","47.85","720","480","driving_01_s02"
"driving_01","958","47.9","720","480","driving_01_s02"
"driving_01","959","47.95","720","480","driving_01_s02"
"driving_01","960","48","720","480","driving_01_s02"
"driving_01","961","48.05","720","480","driving_01_s02"
"driving_01","962","48.1","720","480","driving_01_s02"
"driving_01","963","48.15","720","480","driving_01_s02"
"driving_01","964","48.2","720","480","driving_01_s02"
"driving_01","965","48.25","720","480","driving_01_s02"
"driving_01","966","48.3","720","480","driving_01_s02"
"driving_01","967","48.35","720","480","driving_01_s02"
"driving_01","968","48.4","720","480","driving_01_s02"
"driving_01","969","48.45","720","480","driving_01_s02"
"driving_01","970","48.5","720","480","driving_01_s02"
"driving_01","971","48.55","720","480","driving_01_s02"
"driving_01","972","48.6","720","480","driving_01_s02"
"driving_01","973","48.65","720","480","driving_01_s02"
"driving_01","974","48.7","720","480","driving_01_s02"
"driving_01","975","48.75","720","480","driving_01_s02"
"driving_01","976","48.8","720","480","driving_01_s02"
"driving_01","977","48.85","720","480","driving_01_s02"
"driving_01","978","48.9","720","480","driving_01_s02"
"driving_01","979","48.95","720","480","driving_01_s02"
"driving_01","980","49","720","480","driving_01_s02"
"driving_01","981","49.05","720","480","driving_01_s02"
"driving_01","982","49.1","720","480","driving_01_s02"
"driving_01","983","49.15","720","480","driving_01_s02"
"driving_01","984","49.2","720","480","driving_01_s02"
"driving_01","985","49.25","720","480","driving_01_s02"
"driving_01","986","49.3","720","480","driving_01_s02"
"driving_01","987","49.35","720","480","driving_01_s02"
"driving_01","988","49.4","720","480","driving_01_s02"
"driving_01","989","49.45","720","480","driving_01_s02"
"driving_01","990","49.5","720","480","driving_01_s02"
"driving_01","991","49.55","720","480","driving_01_s02"
"driving_01","992","49.6","720","480","driving_01_s02"
"driving_01","993","49.65","720","480","driving_01_s02"
"driving_01","994","49.7","720","480","driving_01_s02"
"driving_01","995","49.75","720","480","driving_01_s02"
"driving_01","996","49.8","720","480","driving_01_s02"
"driving_01","997","49.85","720","480","driving_01_s02"
"driving_01","998","49.9","720","480","driving_01_s02"
"driving_01","999","49.95","720","480","driving_01_s02"
"driving_01","1000","50","720","480","driving_01_s02"
"driving_01","1001","50.05","720","480","driving_01_s02"
"driving_01","1002","50.1","720","480","driving_01_s02"
"driving_01","1003","50.15","720","480","driving_01_s02"
"driving_01","1004","50.2","720","480","driving_01_s02"
"driving_01","1005","50.25","720","480","driving_01_s02"
"driving_01","1006","50.3","720","480","driving_01_s02"
"driving_01","1007","50.35","720","480","driving_01_s02"
"driving_01","1008","50.4","720","480","driving_01_s02"
"driving_01","1009","50.45","720","480","driving_01_s02"
"driving_01","1010","50.5","720","480","driving_01_s02"
"driving_01","1011","50.55","720","480","driving_01_s02"
"driving_01","1012","50.6","720","480","driving_01_s02"
"driving_01","1013","50.65","720","480","driving_01_s02"
"driving_01","1014","50.7","720","480","driving_01_s02"
"driving_01","1015","50.75","720","480","driving_01_s02"
"driving_01","1016","50.8","720","480","driving_01_s02"
"driving_01","1017","50.85","720","480","driving_01_s02"
"driving_01","1018","50.9","720","480","driving_01_s02"
"driving_01","1019","50.95","720","480","driving_01_s02"
"driving_01","1020","51","720","480","driving_01_s02"
"driving_01","1021","51.05","720","480","driving_01_s02"
"driving_01","1022","51.1","720","480","driving_01_s02"
"driving_01","1023","51.15","720","480","driving_01_s02"
"driving_01","1024","51.2","720","480","driving_01_s02"
"driving_01","1025","51.25","720","480","driving_01_s02"
"driving_01","1026","51.3","720","480","driving_01_s02"
"driving_01","1027","51.35","720","480","driving_01_s02"
"driving_01","1028","51.4","720","480","driving_01_s02"
"driving_01","1029","51.45","720","480","driving_01_s02"
"driving_01","1030","51.5","720","480","driving_01_s02"
"driving_01","1031","51.55","720","480","driving_01_s02"
"driving_01","1032","51.6","720","480","driving_01_s02"
"driving_01","1033","51.65","720","480","driving_01_s02"
"driving_01","1034","51.7","720","480","driving_01_s02"
"driving_01","1035","51.75","720","480","driving_01_s02"
"driving_01","1036","51.8","720","480","driving_01_s02"
"driving_01","1037","51.85","720","480","driving_01_s02"
"driving_01","1038","51.9","720","480","driving_01_s02"
"driving_01","1039","51.95","720","480","driving_01_s02"
"driving_01","1040","52","720","480","driving_01_s02"
"driving_01","1041","52.05","720","480","driving_01_s02"
"driving_01","1042","52.1","720","480","driving_01_s02"
"driving_01","1043","52.15","720","480","driving_01_s02"
"driving_01","1044","52.2","720","480","driving_01_s02"
"driving_01","1045","52.25","720","480","driving_01_s02"
"driving_01","1046","52.3","720","480","driving_01_s02"
"driving_01","1047","52.35","720","480","driving_01_s02"
"driving_01","1048","52.4","720","480","driving_01_s02"
"driving_01","1049","52.45","720","480","driving_01_s02"
"driving_01","1050","52.5","720","480","driving_01_s02"
"driving_01","1051","52.55","720","480","driving_01_s02"
"driving_01","1052","52.6","720","480","driving_01_s02"
"driving_01","1053","52.65","720","480","driving_01_s02"
"driving_01","1054","52.7","720","480","driving_01_s02"
"driving_01","1055","52.75","720","480","driving_01_s02"
"driving_01","1056","52.8","720","480","driving_01_s02"
"driving_01","1057","52.85","720","480","driving_01_s02"
"driving_01","1058","52.9","720","480","driving_01_s02"
"driving_01","1059","52.95","720","480","driving_01_s02"
"driving_01","1060","53","720","480","driving_01_s02"
"driving_01","1061","53.05","720","480","driving_01_s02"
"driving_01","1062","53.1","720","480","driving_01_s02"
"driving_01","1063","53.15","720","480","driving_01_s02"
"driving_01","1064","53.2","720","480","driving_01_s02"
"driving_01","1065","53.25","720","480","driving_01_s02"
"driving_01","1066","53.3","720","480","driving_01_s02"
"driving_01","1067","53.35","720","480","driving_01_s02"
"driving_01","1068","53.4","720","480","driving_01_s02"
"driving_01","1069","53.45","720","480","driving_01_s02"
"driving_01","1070","53.5","720","480","driving_01_s02"
"driving_01","1071","53.55","720","480","driving_01_s02"
"driving_01","1072","53.6","720","480","driving_01_s02"
"driving_01","1073","53.65","720","480","driving_01_s02"
"driving_01","1074","53.7","720","480","driving_01_s02"
"driving_01","1075","53.75","720","480","driving_01_s02"
"driving_01","1076","53.8","720","480","driving_01_s02"
"driving_01","1077","53.85","720","480","driving_01_s02"
"driving_01","1078","53.9","720","480","driving_01_s02"
"driving_01","1079","53.95","720","480","driving_01_s02"
"driving_01","1080","54","720","480","driving_01_s02"
"driving_01","1081","54.05","720","480","driving_01_s02"
"driving_01","1082","54.1","720","480","driving_01_s02"
"driving_01","1083","54.15","720","480","driving_01_s02"
"driving_01","1084","54.2","720","480","driving_01_s02"
"driving_01","1085","54.25","720","480","driving_01_s02"
"driving_01","1086","54.3","720","480","driving_01_s02"
"driving_01","1087","54.35","720","480","driving_01_s02"
"driving_01","1088","54.4","720","480","driving_01_s02"
"driving_01","1089","54.45","720","480","driving_01_s02"
"driving_01","1090","54.5","720","480","driving_01_s02"
"driving_01","1091","54.55","720","480","driving_01_s02"
"driving_01","1092","54.6","720","480","driving_01_s02"
"driving_01","1093","54.65","720","480","driving_01_s02"
"driving_01","1094","54.7","720","480","driving_01_s02"
"driving_01","1095","54.75","720","480","driving_01_s02"
"driving_01","1096","54.8","720","480","driving_01_s02"
"driving_01","1097","54.85","720","480","driving_01_s02"
"driving_01","1098","54.9","720","480","driving_01_s02"
"driving_01","1099","54.95","720","480","driving_01_s02"
"driving_01","1100","55","720","480","driving_01_s02"
"driving_01","1101","55.05","720","480","driving_01_s02"
"driving_01","1102","55.1","720","480","driving_01_s02"
"driving_01","1103","55.15","720","480","driving_01_s02"
"driving_01","1104","55.2","720","480","driving_01_s02"
"driving_01","1105","55.25","720","480","driving_01_s02"
"driving_01","1106","55.3","720","480","driving_01_s02"
"driving_01","1107","55.35","720","480","driving_01_s02"
"driving_01","1108","55.4","720","480","driving_01_s02"
"driving_01","1109","55.45","720","480","driving_01_s02"
"driving_01","1110","55.5","720","480","driving_01_s02"
"driving_01","1111","55.55","720","480","driving_01_s02"
"driving_01","1112","55.6","720","480","driving_01_s02"
"driving_01","1113","55.65","720","480","driving_01_s02"
"driving_01","1114","55.7","720","480","driving_01_s02"
"driving_01","1115","55.75","720","480","driving_01_s02"
"driving_01","1116","55.8","720","480","driving_01_s02"
"driving_01","1117","55.85","720","480","driving_01_s02"
"driving_01","1118","55.9","720","480","driving_01_s02"
"driving_01","1119","55.95","720","480","driving_01_s02"
"driving_01","1120","56","720","480","driving_01_s02"
"driving_01","1121","56.05","720","480","driving_01_s02"
"driving_01","1122","56.1","720","480","driving_01_s02"
"driving_01","1123","56.15","720","480","driving_01_s02"
"driving_01","1124","56.2","720","480","driving_01_s02"
"driving_01","1125","56.25","720","480","driving_01_s02"
"driving_01","1126","56.3","720","480","driving_01_s02"
"driving_01","1127","56.35","720","480","driving_01_s02"
"driving_01","1128","56.4","720","480","driving_01_s02"
"driving_01","1129","56.45","720","480","driving_01_s02"
"driving_01","1130","56.5","720","480","driving_01_s02"
"driving_01","1131","56.55","720","480","driving_01_s02"
"driving_01","1132","56.6","720","480","driving_01_s02"
"driving_01","1133","56.65","720","480","driving_01_s02"
"driving_01","1134","56.7","720","480","driving_01_s02"
"driving_01","1135","56.75","720","480","driving_01_s02"
"driving_01","1136","56.8","720","480","driving_01_s02"
"driving_01","1137","56.85","720","480","driving_01_s02"
"driving_01","1138","56.9","720","480","driving_01_s02"
"driving_01","1139","56.95","720","480","driving_01_s02"
"driving_01","1140","57","720","480","driving_01_s02"
"driving_01","1141","57.05","720","480","driving_01_s02"
"driving_01","1142","57.1","720","480","driving_01_s02"
"driving_01","1143","57.15","720","480","driving_01_s02"
"driving_01","1144","57.2","720","480","driving_01_s02"
"driving_01","1145","57.25","720","480","driving_01_s02"
"driving_01","1146","57.3","720","480","driving_01_s02"
"driving_01","1147","57.35","720","480","driving_01_s02"
"driving_01","1148","57.4","720","480","driving_01_s02"
"driving_01","1149","57.45","720","480","driving_01_s02"
"driving_01","1150","57.5","720","480","driving_01_s02"
"driving_01","1151","57.55","720","480","driving_01_s02"
"driving_01","1152","57.6","720","480","driving_01_s02"
"driving_01","1153","57.65","720","480","driving_01_s02"
"driving_01","1154","57.7","720","480","driving_01_s02"
"driving_01","1155","57.75","720","480","driving_01_s02"
"driving_01","1156","57.8","720","480","driving_01_s02"
"driving_01","1157","57.85","720","480","driving_01_s02"
"driving_01","1158","57.9","720","480","driving_01_s02"
"driving_01","1159","57.95","720","480","driving_01_s02"
"driving_01","1160","58","720","480","driving_01_s02"
"driving_01","1161","58.05","720","480","driving_01_s02"
"driving_01","1162","58.1","720","480","driving_01_s02"
"driving_01","1163","58.15","720","480","driving_01_s02"
"driving_01","1164","58.2","720","480","driving_01_s02"
"driving_01","1165","58.25","720","480","driving_01_s02"
"driving_01","1166","58.3","720","480","driving_01_s02"
"driving_01","1167","58.35","720","480","driving_01_s02"
"driving_01","1168","58.4","720","480","driving_01_s02"
"driving_01","1169","58.45","720","480","driving_01_s02"
"driving_01","1170","58.5","720","480","driving_01_s02"
"driving_01","1171","58.55","720","480","driving_01_s02"
"driving_01","1172","58.6","720","480","driving_01_s02"
"driving_01","1173","58.65","720","480","driving_01_s02"
"driving_01","1174","58.7","720","480","driving_01_s02"
"driving_01","1175","58.75","720","480","driving_01_s02"
"driving_01","1176","58.8","720","480","driving_01_s02"
"driving_01","1177","58.85","720","480","driving_01_s02"
"driving_01","1178","58.9","720","480","driving_01_s02"
"driving_01","1179","58.95","720","480","driving_01_s02"
"driving_01","1180","59","720","480","driving_01_s02"
"driving_01","1181","59.05","720","480","driving_01_s02"
"driving_01","1182","59.1","720","480","driving_01_s02"
"driving_01","1183","59.15","720","480","driving_01_s02"
"driving_01","1184","59.2","720","480","driving_01_s02"
"driving_01","1185","59.25","720","480","driving_01_s02"
"driving_01","1186","59.3","720","480","driving_01_s02"
"driving_01","1187","59.35","720","480","driving_01_s02"
"driving_01","1188","59.4","720","480","driving_01_s02"
"driving_01","1189","59.45","720","480","driving_01_s02"
"driving_01","1190","59.5","720","480","driving_01_s02"
"driving_01","1191","59.55","720","480","driving_01_s02"
"driving_01","1192","59.6","720","480","driving_01_s02"
"driving_01","1193","59.65","720","480","driving_01_s02"
"driving_01","1194","59.7","720","480","driving_01_s02"
"driving_01","1195","59.75","720","480","driving_01_s02"
"driving_01","1196","59.8","720","480","driving_01_s02"
"driving_01","1197","59.85","720","480","driving_01_s02"
"driving_01","1198","59.9","720","480","driving_01_s02"
"driving_01","1199","59.95","720","480","driving_01_s02"
"driving_01","1200","60","720","480","driving_01_s02"
"driving_01","1201","60.05","720","480","driving_01_s02"
"driving_01","1202","60.1","720","480","driving_01_s02"
"driving_01","1203","60.15","720","480","driving_01_s02"
"driving_01","1204","60.2","720","480","driving_01_s02"
"driving_01","1205","60.25","720","480","driving_01_s02"
"driving_01","1206","60.3","720","480","driving_01_s02"
"driving_01","1207","60.35","720","480","driving_01_s02"
"driving_01","1208","60.4","720","480","driving_01_s02"
"driving_01","1209","60.45","720","480","driving_01_s02"
"driving_01","1210","60.5","720","480","driving_01_s02"
"driving_01","1211","60.55","720","480","driving_01_s02"
"driving_01","1212","60.6","720","480","driving_01_s02"
"driving_01","1213","60.65","720","480","driving_01_s02"
"driving_01","1214","60.7","720","480","driving_01_s02"
"driving_01","1215","60.75","720","480","driving_01_s02"
"driving_01","1216","60.8","720","480","driving_01_s02"
"driving_01","1217","60.85","720","480","driving_01_s02"
"driving_01","1218","60.9","720","480","driving_01_s02"
"driving_01","1219","60.95","720","480","driving_01_s02"
"driving_01","1220","61","720","480","driving_01_s02"
"driving_01","1221","61.05","720","480","driving_01_s02"
"driving_01","1222","61.1","720","480","driving_01_s02"
"driving_01","1223","61.15","720","480","driving_01_s02"
"driving_01","1224","61.2","720","480","driving_01_s02"
"driving_01","1225","61.25","720","480","driving_01_s02"
"driving_01","1226","61.3","720","480","driving_01_s02"
"driving_01","1227","61.35","720","480","driving_01_s02"
"driving_01","1228","61.4","720","480","driving_01_s02"
"driving_01","1229","61.45","720","480","driving_01_s02"
"driving_01","1230","61.5","720","480","driving_01_s02"
"driving_01","1231","61.55","720","480","driving_01_s02"
"driving_01","1232","61.6","720","480","driving_01_s02"
"driving_01","1233","61.65","720","480","driving_01_s02"
"driving_01","1234","61.7","720","480","driving_01_s02"
"driving_01","1235","61.75","720","480","driving_01_s02"
"driving_01","1236","61.8","720","480","driving_01_s02"
"driving_01","1237","61.85","720","480","driving_01_s02"
"driving_01","1238","61.9","720","480","driving_01_s02"
"driving_01","1239","61.95","720","480","driving_01_s02"
"driving_01","1240","62","720","480","driving_01_s02"
"driving_01","1241","62.05","720","480","driving_01_s02"
"driving_01","1242","62.1","720","480","driving_01_s02"
"driving_01","1243","62.15","720","480","driving_01_s02"
"driving_01","1244","62.2","720","480","driving_01_s02"
"driving_01","1245","62.25","720","480","driving_01_s02"
"driving_01","1246","62.3","720","480","driving_01_s02"
"driving_01","1247","62.35","720","480","driving_01_s02"
"driving_01","1248","62.4","720","480","driving_01_s02"
"driving_01","1249","62.45","720","480","driving_01_s02"
"driving_01","1250","62.5","720","480","driving_01_s02"
"driving_01","1251","62.55","720","480","driving_01_s02"
"driving_01","1252","62.6","720","480","driving_01_s02"
"driving_01","1253","62.65","720","480","driving_01_s02"
"driving_01","1254","62.7","720","480","driving_01_s02"
"driving_01","1255","62.75","720","480","driving_01_s02"
"driving_01","1256","62.8","720","480","driving_01_s02"
"driving_01","1257","62.85","720","480","driving_01_s02"
"driving_01","1258","62.9","720","480","driving_01_s02"
"driving_01","1259","62.95","720","480","driving_01_s02"
"driving_01","1260","63","720","480","driving_01_s02"
"driving_01","1261","63.05","720","480","driving_01_s02"
"driving_01","1262","63.1","720","480","driving_01_s02"
"driving_01","1263","63.15","720","480","driving_01_s02"
"driving_01","1264","63.2","720","480","driving_01_s02"
"driving_01","1265","63.25","720","480","driving_01_s02"
"driving_01","1266","63.3","720","480","driving_01_s02"
"driving_01","1267","63.35","720","480","driving_01_s02"
"driving_01","1268","63.4","720","480","driving_01_s02"
"driving_01","1269","63.45","720","480","driving_01_s02"
"driving_01","1270","63.5","720","480","driving_01_s02"
"driving_01","1271","63.55","720","480","driving_01_s02"
"driving_01","1272","63.6","720","480","driving_01_s02"
"driving_01","1273","63.65","720","480","driving_01_s02"
"driving_01","1274","63.7","720","480","driving_01_s02"
"driving_01","1275","63.75","720","480","driving_01_s02"
"driving_01","1276","63.8","720","480","driving_01_s02"
"driving_01","1277","63.85","720","480","driving_01_s02"
"driving_01","1278","63.9","720","480","driving_01_s02"
"driving_01","1279","63.95","720","480","driving_01_s02"
"driving_01","1280","64","720","480","driving_01_s02"
"driving_01","1281","64.05","720","480","driving_01_s02"
"driving_01","1282","64.1","720","480","driving_01_s02"
"driving_01","1283","64.15","720","480","driving_01_s02"
"driving_01","1284","64.2","720","480","driving_01_s02"
"driving_01","1285","64.25","720","480","driving_01_s02"
"driving_01","1286","64.3","720","480","driving_01_s02"
"driving_01","1287","64.35","720","480","driving_01_s02"
"driving_01","1288","64.4","720","480","driving_01_s02"
"driving_01","1289","64.45","720","480","driving_01_s02"
"driving_01","1290","64.5","720","480","driving_01_s02"
"driving_01","1291","64.55","720","480","driving_01_s02"
"driving_01","1292","64.6","720","480","driving_01_s02"
"driving_01","1293","64.65","720","480","driving_01_s02"
"driving_01","1294","64.7","720","480","driving_01_s02"
"driving_01","1295","64.75","720","480","driving_01_s02"
"driving_01","1296","64.8","720","480","driving_01_s02"
"driving_01","1297","64.85","720","480","driving_01_s02"
"driving_01","1298","64.9","720","480","driving_01_s02"
"driving_01","1299","64.95","720","480","driving_01_s02"
"driving_01","1300","65","720","480","driving_01_s02"
"driving_01","1301","65.05","720","480","driving_01_s02"
"driving_01","1302","65.1","720","480","driving_01_s02"
"driving_01","1303","65.15","720","480","driving_01_s02"
"driving_01","1304","65.2","720","480","driving_01_s02"
"driving_01","1305","65.25","720","480","driving_01_s02"
"driving_01","1306","65.3","720","480","driving_01_s02"
"driving_01","1307","65.35","720","480","driving_01_s02"
"driving_01","1308","65.4","720","480","driving_01_s02"
"driving_01","1309","65.45","720","480","driving_01_s02"
"driving_01","1310","65.5","720","480","driving_01_s02"
"driving_01","1311","65.55","720","480","driving_01_s02"
"driving_01","1312","65.6","720","480","driving_01_s02"
"driving_01","1313","65.65","720","480","driving_01_s02"
"driving_01","1314","65.7","720","480","driving_01_s02"
"driving_01","1315","65.75","720","480","driving_01_s02"
"driving_01","1316","65.8","720","480","driving_01_s02"
"driving_01","1317","65.85","720","480","driving_01_s02"
"driving_01","1318","65.9","720","480","driving_01_s02"
"driving_01","1319","65.95","720","480","driving_01_s02"
"driving_01","1320","66","720","480","driving_01_s02"
"driving_01","1321","66.05","720","480","driving_01_s02"
"driving_01","1322","66.1","720","480","driving_01_s02"
"driving_01","1323","66.15","720","480","driving_01_s02"
"driving_01","1324","66.2","720","480","driving_01_s02"
"driving_01","1325","66.25","720","480","driving_01_s02"
"driving_01","1326","66.3","720","480","driving_01_s02"
"driving_01","1327","66.35","720","480","driving_01_s02"
"driving_01","1328","66.4","720","480","driving_01_s02"
"driving_01","1329","66.45","720","480","driving_01_s02"
"driving_01","1330","66.5","720","480","driving_01_s02"
"driving_01","1331","66.55","720","480","driving_01_s02"
"driving_01","1332","66.6","720","480","driving_01_s02"
"driving_01","1333","66.65","720","480","driving_01_s02"
"driving_01","1334","66.7","720","480","driving_01_s03"
"driving_01","1335","66.75","720","480","driving_01_s03"
"driving_01","1336","66.8","720","480","driving_01_s03"
"driving_01","1337","66.85","720","480","driving_01_s03"
"driving_01","1338","66.9","720","480","driving_01_s03"
"driving_01","1339","66.95","720","480","driving_01_s03"
"driving_01","1340","67","720","480","driving_01_s03"
"driving_01","1341","67.05","720","480","driving_01_s03"
"driving_01","1342","67.1","720","480","driving_01_s03"
"driving_01","1343","67.15","720","480","driving_01_s03"
"driving_01","1344","67.2","720","480","driving_01_s03"
"driving_01","1345","67.25","720","480","driving_01_s03"
"driving_01","1346","67.3","720","480","driving_01_s03"
"driving_01","1347","67.35","720","480","driving_01_s03"
"driving_01","1348","67.4","720","480","driving_01_s03"
"driving_01","1349","67.45","720","480","driving_01_s03"
"driving_01","1350","67.5","720","480","driving_01_s03"
"driving_01","1351","67.55","720","480","driving_01_s03"
"driving_01","1352","67.6","720","480","driving_01_s03"
"driving_01","1353","67.65","720","480","driving_01_s03"
"driving_01","1354","67.7","720","480","driving_01_s03"
"driving_01","1355","67.75","720","480","driving_01_s03"
"driving_01","1356","67.8","720","480","driving_01_s03"
"driving_01","1357","67.85","720","480","driving_01_s03"
"driving_01","1358","67.9","720","480","driving_01_s03"
"driving_01","1359","67.95","720","480","driving_01_s03"
"driving_01","1360","68","720","480","driving_01_s03"
"driving_01","1361","68.05","720","480","driving_01_s03"
"driving_01","1362","68.1","720","480","driving_01_s03"
"driving_01","1363","68.15","720","480","driving_01_s03"
"driving_01","1364","68.2","720","480","driving_01_s03"
"driving_01","1365","68.25","720","480","driving_01_s03"
"driving_01","1366","68.3","720","480","driving_01_s03"
"driving_01","1367","68.35","720","480","driving_01_s03"
"driving_01","1368","68.4","720","480","driving_01_s03"
"driving_01","1369","68.45","720","480","driving_01_s03"
"driving_01","1370","68.5","720","480","driving_01_s03"
"driving_01","1371","68.55","720","480","driving_01_s03"
"driving_01","1372","68.6","720","480","driving_01_s03"
"driving_01","1373","68.65","720","480","driving_01_s03"
"driving_01","1374","68.7","720","480","driving_01_s03"
"driving_01","1375","68.75","720","480","driving_01_s03"
"driving_01","1376","68.8","720","480","driving_01_s03"
"driving_01","1377","68.85","720","480","driving_01_s03"
"driving_01","1378","68.9","720","480","driving_01_s03"
"driving_01","1379","68.95","720","480","driving_01_s03"
"driving_01","1380","69","720","480","driving_01_s03"
"driving_01","1381","69.05","720","480","driving_01_s03"
"driving_01","1382","69.1","720","480","driving_01_s03"
"driving_01","1383","69.15","720","480","driving_01_s03"
"driving_01","1384","69.2","720","480","driving_01_s03"
"driving_01","1385","69.25","720","480","driving_01_s03"
"driving_01","1386","69.3","720","480","driving_01_s03"
"driving_01","1387","69.35","720","480","driving_01_s03"
"driving_01","1388","69.4","720","480","driving_01_s03"
"driving_01","1389","69.45","720","480","driving_01_s03"
"driving_01","1390","69.5","720","480","driving_01_s03"
"driving_01","1391","69.55","720","480","driving_01_s03"
"driving_01","1392","69.6","720","480","driving_01_s03"
"driving_01","1393","69.65","720","480","driving_01_s03"
"driving_01","1394","69.7","720","480","driving_01_s03"
"driving_01","1395","69.75","720","480","driving_01_s03"
"driving_01","1396","69.8","720","480","driving_01_s03"
"driving_01","1397","69.85","720","480","driving_01_s03"
"driving_01","1398","69.9","720","480","driving_01_s03"
"driving_01","1399","69.95","720","480","driving_01_s03"
"driving_01","1400","70","720","480","driving_01_s03"
"driving_01","1401","70.05","720","480","driving_01_s03"
"driving_01","1402","70.1","720","480","driving_01_s03"
"driving_01","1403","70.15","720","480","driving_01_s03"
"driving_01","1404","70.2","720","480","driving_01_s03"
"driving_01","1405","70.25","720","480","driving_01_s03"
"driving_01","1406","70.3","720","480","driving_01_s03"
"driving_01","1407","70.35","720","480","driving_01_s03"
"driving_01","1408","70.4","720","480","driving_01_s03"
"driving_01","1409","70.45","720","480","driving_01_s03"
"driving_01","1410","70.5","720","480","driving_01_s03"
"driving_01","1411","70.55","720","480","driving_01_s03"
"driving_01","1412","70.6","720","480","driving_01_s03"
"driving_01","1413","70.65","720","480","driving_01_s03"
"driving_01","1414","70.7","720","480","driving_01_s03"
"driving_01","1415","70.75","720","480","driving_01_s03"
"driving_01","1416","70.8","720","480","driving_01_s03"
"driving_01","1417","70.85","720","480","driving_01_s03"
"driving_01","1418","70.9","720","480","driving_01_s03"
"driving_01","1419","70.95","720","480","driving_01_s03"
"driving_01","1420","71","720","480","driving_01_s03"
"driving_01","1421","71.05","720","480","driving_01_s03"
"driving_01","1422","71.1","720","480","driving_01_s03"
"driving_01","1423","71.15","720","480","driving_01_s03"
"driving_01","1424","71.2","720","480","driving_01_s03"
"driving_01","1425","71.25","720","480","driving_01_s03"
"driving_01","1426","71.3","720","480","driving_01_s03"
"driving_01","1427","71.35","720","480","driving_01_s03"
"driving_01","1428","71.4","720","480","driving_01_s03"
"driving_01","1429","71.45","720","480","driving_01_s03"
"driving_01","1430","71.5","720","480","driving_01_s03"
"driving_01","1431","71.55","720","480","driving_01_s03"
"driving_01","1432","71.6","720","480","driving_01_s03"
"driving_01","1433","71.65","720","480","driving_01_s03"
"driving_01","1434","71.7","720","480","driving_01_s03"
"driving_01","1435","71.75","720","480","driving_01_s03"
"driving_01","1436","71.8","720","480","driving_01_s03"
"driving_01","1437","71.85","720","480","driving_01_s03"
"driving_01","1438","71.9","720","480","driving_01_s03"
"driving_01","1439","71.95","720","480","driving_01_s03"
"driving_01","1440","72","720","480","driving_01_s03"
"driving_01","1441","72.05","720","480","driving_01_s03"
"driving_01","1442","72.1","720","480","driving_01_s03"
"driving_01","1443","72.15","720","480","driving_01_s03"
"driving_01","1444","72.2","720","480","driving_01_s03"
"driving_01","1445","72.25","720","480","driving_01_s03"
"driving_01","1446","72.3","720","480","driving_01_s03"
"driving_01","1447","72.35","720","480","driving_01_s03"
"driving_01","1448","72.4","720","480","driving_01_s03"
"driving_01","1449","72.45","720","480","driving_01_s03"
"driving_01","1450","72.5","720","480","driving_01_s03"
"driving_01","1451","72.55","720","480","driving_01_s03"
"driving_01","1452","72.6","720","480","driving_01_s03"
"driving_01","1453","72.65","720","480","driving_01_s03"
"driving_01","1454","72.7","720","480","driving_01_s03"
"driving_01","1455","72.75","720","480","driving_01_s03"
"driving_01","1456","72.8","720","480","driving_01_s03"
"driving_01","1457","72.85","720","480","driving_01_s03"
"driving_01","1458","72.9","720","480","driving_01_s03"
"driving_01","1459","72.95","720","480","driving_01_s03"
"driving_01","1460","73","720","480","driving_01_s03"
"driving_01","1461","73.05","720","480","driving_01_s03"
"driving_01","1462","73.1","720","480","driving_01_s03"
"driving_01","1463","73.15","720","480","driving_01_s03"
"driving_01","1464","73.2","720","480","driving_01_s03"
"driving_01","1465","73.25","720","480","driving_01_s03"
"driving_01","1466","73.3","720","480","driving_01_s03"
"driving_01","1467","73.35","720","480","driving_01_s03"
"driving_01","1468","73.4","720","480","driving_01_s03"
"driving_01","1469","73.45","720","480","driving_01_s03"
"driving_01","1470","73.5","720","480","driving_01_s03"
"driving_01","1471","73.55","720","480","driving_01_s03"
"driving_01","1472","73.6","720","480","driving_01_s03"
"driving_01","1473","73.65","720","480","driving_01_s03"
"driving_01","1474","73.7","720","480","driving_01_s03"
"driving_01","1475","73.75","720","480","driving_01_s03"
"driving_01","1476","73.8","720","480","driving_01_s03"
"driving_01","1477","73.85","720","480","driving_01_s03"
"driving_01","1478","73.9","720","480","driving_01_s03"
"driving_01","1479","73.95","720","480","driving_01_s03"
"driving_01","1480","74","720","480","driving_01_s03"
"driving_01","1481","74.05","720","480","driving_01_s03"
"driving_01","1482","74.1","720","480","driving_01_s03"
"driving_01","1483","74.15","720","480","driving_01_s03"
"driving_01","1484","74.2","720","480","driving_01_s03"
"driving_01","1485","74.25","720","480","driving_01_s03"
"driving_01","1486","74.3","720","480","driving_01_s03"
"driving_01","1487","74.35","720","480","driving_01_s03"
"driving_01","1488","74.4","720","480","driving_01_s03"
"driving_01","1489","74.45","720","480","driving_01_s03"
"driving_01","1490","74.5","720","480","driving_01_s03"
"driving_01","1491","74.55","720","480","driving_01_s03"
"driving_01","1492","74.6","720","480","driving_01_s03"
"driving_01","1493","74.65","720","480","driving_01_s03"
"driving_01","1494","74.7","720","480","driving_01_s03"
"driving_01","1495","74.75","720","480","driving_01_s03"
"driving_01","1496","74.8","720","480","driving_01_s03"
"driving_01","1497","74.85","720","480","driving_01_s03"
"driving_01","1498","74.9","720","480","driving_01_s03"
"driving_01","1499","74.95","720","480","driving_01_s03"
"driving_01","1500","75","720","480","driving_01_s03"
"driving_01","1501","75.05","720","480","driving_01_s03"
"driving_01","1502","75.1","720","480","driving_01_s03"
"driving_01","1503","75.15","720","480","driving_01_s03"
"driving_01","1504","75.2","720","480","driving_01_s03"
"driving_01","1505","75.25","720","480","driving_01_s03"
"driving_01","1506","75.3","720","480","driving_01_s03"
"driving_01","1507","75.35","720","480","driving_01_s03"
"driving_01","1508","75.4","720","480","driving_01_s03"
"driving_01","1509","75.45","720","480","driving_01_s03"
"driving_01","1510","75.5","720","480","driving_01_s03"
"driving_01","1511","75.55","720","480","driving_01_s03"
"driving_01","1512","75.6","720","480","driving_01_s03"
"driving_01","1513","75.65","720","480","driving_01_s03"
"driving_01","1514","75.7","720","480","driving_01_s03"
"driving_01","1515","75.75","720","480","driving_01_s03"
"driving_01","1516","75.8","720","480","driving_01_s03"
"driving_01","1517","75.85","720","480","driving_01_s03"
"driving_01","1518","75.9","720","480","driving_01_s03"
"driving_01","1519","75.95","720","480","driving_01_s03"
"driving_01","1520","76","720","480","driving_01_s03"
"driving_01","1521","76.05","720","480","driving_01_s03"
"driving_01","1522","76.1","720","480","driving_01_s03"
"driving_01","1523","76.15","720","480","driving_01_s03"
"driving_01","1524","76.2","720","480","driving_01_s03"
"driving_01","1525","76.25","720","480","driving_01_s03"
"driving_01","1526","76.3","720","480","driving_01_s03"
"driving_01","1527","76.35","720","480","driving_01_s03"
"driving_01","1528","76.4","720","480","driving_01_s03"
"driving_01","1529","76.45","720","480","driving_01_s03"
"driving_01","1530","76.5","720","480","driving_01_s03"
"driving_01","1531","76.55","720","480","driving_01_s03"
"driving_01","1532","76.6","720","480","driving_01_s03"
"driving_01","1533","76.65","720","480","driving_01_s03"
"driving_01","1534","76.7","720","480","driving_01_s03"
"driving_01","1535","76.75","720","480","driving_01_s03"
"driving_01","1536","76.8","720","480","driving_01_s03"
"driving_01","1537","76.85","720","480","driving_01_s03"
"driving_01","1538","76.9","720","480","driving_01_s03"
"driving_01","1539","76.95","720","480","driving_01_s03"
"driving_01","1540","77","720","480","driving_01_s03"
"driving_01","1541","77.05","720","480","driving_01_s03"
"driving_01","1542","77.1","720","480","driving_01_s03"
"driving_01","1543","77.15","720","480","driving_01_s03"
"driving_01","1544","77.2","720","480","driving_01_s03"
"driving_01","1545","77.25","720","480","driving_01_s03"
"driving_01","1546","77.3","720","480","driving_01_s03"
"driving_01","1547","77.35","720","480","driving_01_s03"
"driving_01","1548","77.4","720","480","driving_01_s03"
"driving_01","1549","77.45","720","480","driving_01_s03"
"driving_01","1550","77.5","720","480","driving_01_s03"
"driving_01","1551","77.55","720","480","driving_01_s03"
"driving_01","1552","77.6","720","480","driving_01_s03"
"driving_01","1553","77.65","720","480","driving_01_s03"
"driving_01","1554","77.7","720","480","driving_01_s03"
"driving_01","1555","77.75","720","480","driving_01_s03"
"driving_01","1556","77.8","720","480","driving_01_s03"
"driving_01","1557","77.85","720","480","driving_01_s03"
"driving_01","1558","77.9","720","480","driving_01_s03"
"driving_01","1559","77.95","720","480","driving_01_s03"
"driving_01","1560","78","720","480","driving_01_s03"
"driving_01","1561","78.05","720","480","driving_01_s03"
"driving_01","1562","78.1","720","480","driving_01_s03"
"driving_01","1563","78.15","720","480","driving_01_s03"
"driving_01","1564","78.2","720","480","driving_01_s03"
"driving_01","1565","78.25","720","480","driving_01_s03"
"driving_01","1566","78.3","720","480","driving_01_s03"
"driving_01","1567","78.35","720","480","driving_01_s03"
"driving_01","1568","78.4","720","480","driving_01_s03"
"driving_01","1569","78.45","720","480","driving_01_s03"
"driving_01","1570","78.5","720","480","driving_01_s03"
"driving_01","1571","78.55","720","480","driving_01_s03"
"driving_01","1572","78.6","720","480","driving_01_s03"
"driving_01","1573","78.65","720","480","driving_01_s03"
"driving_01","1574","78.7","720","480","driving_01_s03"
"driving_01","1575","78.75","720","480","driving_01_s03"
"driving_01","1576","78.8","720","480","driving_01_s03"
"driving_01","1577","78.85","720","480","driving_01_s03"
"driving_01","1578","78.9","720","480","driving_01_s03"
"driving_01","1579","78.95","720","480","driving_01_s03"
"driving_01","1580","79","720","480","driving_01_s03"
"driving_01","1581","79.05","720","480","driving_01_s03"
"driving_01","1582","79.1","720","480","driving_01_s03"
"driving_01","1583","79.15","720","480","driving_01_s03"
"driving_01","1584","79.2","720","480","driving_01_s03"
"driving_01","1585","79.25","720","480","driving_01_s03"
"driving_01","1586","79.3","720","480","driving_01_s03"
"driving_01","1587","79.35","720","480","driving_01_s03"
"driving_01","1588","79.4","720","480","driving_01_s03"
"driving_01","1589","79.45","720","480","driving_01_s03"
"driving_01","1590","79.5","720","480","driving_01_s03"
"driving_01","1591","79.55","720","480","driving_01_s03"
"driving_01","1592","79.6","720","480","driving_01_s03"
"driving_01","1593","79.65","720","480","driving_01_s03"
"driving_01","1594","79.7","720","480","driving_01_s03"
"driving_01","1595","79.75","720","480","driving_01_s03"
"driving_01","1596","79.8","720","480","driving_01_s03"
"driving_01","1597","79.85","720","480","driving_01_s03"
"driving_01","1598","79.9","720","480","driving_01_s03"
"driving_01","1599","79.95","720","480","driving_01_s03"
"driving_01","1600","80","720","480","driving_01_s03"
"driving_01","1601","80.05","720","480","driving_01_s03"
"driving_01","1602","80.1","720","480","driving_01_s03"
"driving_01","1603","80.15","720","480","driving_01_s03"
"driving_01","1604","80.2","720","480","driving_01_s03"
"driving_01","1605","80.25","720","480","driving_01_s03"
"driving_01","1606","80.3","720","480","driving_01_s03"
"driving_01","1607","80.35","720","480","driving_01_s03"
"driving_01","1608","80.4","720","480","driving_01_s03"
"driving_01","1609","80.45","720","480","driving_01_s03"
"driving_01","1610","80.5","720","480","driving_01_s03"
"driving_01","1611","80.55","720","480","driving_01_s03"
"driving_01","1612","80.6","720","480","driving_01_s03"
"driving_01","1613","80.65","720","480","driving_01_s03"
"driving_01","1614","80.7","720","480","driving_01_s03"
"driving_01","1615","80.75","720","480","driving_01_s03"
"driving_01","1616","80.8","720","480","driving_01_s03"
"driving_01","1617","80.85","720","480","driving_01_s03"
"driving_01","1618","80.9","720","480","driving_01_s03"
"driving_01","1619","80.95","720","480","driving_01_s03"
"driving_01","1620","81","720","480","driving_01_s03"
"driving_01","1621","81.05","720","480","driving_01_s03"
"driving_01","1622","81.1","720","480","driving_01_s03"
"driving_01","1623","81.15","720","480","driving_01_s03"
"driving_01","1624","81.2","720","480","driving_01_s03"
"driving_01","1625","81.25","720","480","driving_01_s03"
"driving_01","1626","81.3","720","480","driving_01_s03"
"driving_01","1627","81.35","720","480","driving_01_s03"
"driving_01","1628","81.4","720","480","driving_01_s03"
"driving_01","1629","81.45","720","480","driving_01_s03"
"driving_01","1630","81.5","720","480","driving_01_s03"
"driving_01","1631","81.55","720","480","driving_01_s03"
"driving_01","1632","81.6","720","480","driving_01_s03"
"driving_01","1633","81.65","720","480","driving_01_s03"
"driving_01","1634","81.7","720","480","driving_01_s03"
"driving_01","1635","81.75","720","480","driving_01_s03"
"driving_01","1636","81.8","720","480","driving_01_s03"
"driving_01","1637","81.85","720","480","driving_01_s03"
"driving_01","1638","81.9","720","480","driving_01_s03"
"driving_01","1639","81.95","720","480","driving_01_s03"
"driving_01","1640","82","720","480","driving_01_s03"
"driving_01","1641","82.05","720","480","driving_01_s03"
"driving_01","1642","82.1","720","480","driving_01_s03"
"driving_01","1643","82.15","720","480","driving_01_s03"
"driving_01","1644","82.2","720","480","driving_01_s03"
"driving_01","1645","82.25","720","480","driving_01_s03"
"driving_01","1646","82.3","720","480","driving_01_s03"
"driving_01","1647","82.35","720","480","driving_01_s03"
"driving_01","1648","82.4","720","480","driving_01_s03"
"driving_01","1649","82.45","720","480","driving_01_s03"
"driving_01","1650","82.5","720","480","driving_01_s03"
"driving_01","1651","82.55","720","480","driving_01_s03"
"driving_01","1652","82.6","720","480","driving_01_s03"
"driving_01","1653","82.65","720","480","driving_01_s03"
"driving_01","1654","82.7","720","480","driving_01_s03"
"driving_01","1655","82.75","720","480","driving_01_s03"
"driving_01","1656","82.8","720","480","driving_01_s03"
"driving_01","1657","82.85","720","480","driving_01_s03"
"driving_01","1658","82.9","720","480","driving_01_s03"
"driving_01","1659","82.95","720","480","driving_01_s03"
"driving_01","1660","83","720","480","driving_01_s03"
"driving_01","1661","83.05","720","480","driving_01_s03"
"driving_01","1662","83.1","720","480","driving_01_s03"
"driving_01","1663","83.15","720","480","driving_01_s03"
"driving_01","1664","83.2","720","480","driving_01_s03"
"driving_01","1665","83.25","720","480","driving_01_s03"
"driving_01","1666","83.3","720","480","driving_01_s03"
"driving_01","1667","83.35","720","480","driving_01_s03"
"driving_01","1668","83.4","720","480","driving_01_s03"
"driving_01","1669","83.45","720","480","driving_01_s03"
"driving_01","1670","83.5","720","480","driving_01_s03"
"driving_01","1671","83.55","720","480","driving_01_s03"
"driving_01","1672","83.6","720","480","driving_01_s03"
"driving_01","1673","83.65","720","480","driving_01_s03"
"driving_01","1674","83.7","720","480","driving_01_s03"
"driving_01","1675","83.75","720","480","driving_01_s03"
"driving_01","1676","83.8","720","480","driving_01_s03"
"driving_01","1677","83.85","720","480","driving_01_s03"
"driving_01","1678","83.9","720","480","driving_01_s03"
"driving_01","1679","83.95","720","480","driving_01_s03"
"driving_01","1680","84","720","480","driving_01_s03"
"driving_01","1681","84.05","720","480","driving_01_s03"
"driving_01","1682","84.1","720","480","driving_01_s03"
"driving_01","1683","84.15","720","480","driving_01_s03"
"driving_01","1684","84.2","720","480","driving_01_s03"
"driving_01","1685","84.25","720","480","driving_01_s03"
"driving_01","1686","84.3","720","480","driving_01_s03"
"driving_01","1687","84.35","720","480","driving_01_s03"
"driving_01","1688","84.4","720","480","driving_01_s03"
"driving_01","1689","84.45","720","480","driving_01_s03"
"driving_01","1690","84.5","720","480","driving_01_s03"
"driving_01","1691","84.55","720","480","driving_01_s03"
"driving_01","1692","84.6","720","480","driving_01_s03"
"driving_01","1693","84.65","720","480","driving_01_s03"
"driving_01","1694","84.7","720","480","driving_01_s03"
"driving_01","1695","84.75","720","480","driving_01_s03"
"driving_01","1696","84.8","720","480","driving_01_s03"
"driving_01","1697","84.85","720","480","driving_01_s03"
"driving_01","1698","84.9","720","480","driving_01_s03"
"driving_01","1699","84.95","720","480","driving_01_s03"
"driving_01","1700","85","720","480","driving_01_s03"
"driving_01","1701","85.05","720","480","driving_01_s03"
"driving_01","1702","85.1","720","480","driving_01_s03"
"driving_01","1703","85.15","720","480","driving_01_s03"
"driving_01","1704","85.2","720","480","driving_01_s03"
"driving_01","1705","85.25","720","480","driving_01_s03"
"driving_01","1706","85.3","720","480","driving_01_s03"
"driving_01","1707","85.35","720","480","driving_01_s03"
"driving_01","1708","85.4","720","480","driving_01_s03"
"driving_01","1709","85.45","720","480","driving_01_s03"
"driving_01","1710","85.5","720","480","driving_01_s03"
"driving_01","1711","85.55","720","480","driving_01_s03"
"driving_01","1712","85.6","720","480","driving_01_s03"
"driving_01","1713","85.65","720","480","driving_01_s03"
"driving_01","1714","85.7","720","480","driving_01_s03"
"driving_01","1715","85.75","720","480","driving_01_s03"
"driving_01","1716","85.8","720","480","driving_01_s03"
"driving_01","1717","85.85","720","480","driving_01_s03"
"driving_01","1718","85.9","720","480","driving_01_s03"
"driving_01","1719","85.95","720","480","driving_01_s03"
"driving_01","1720","86","720","480","driving_01_s03"
"driving_01","1721","86.05","720","480","driving_01_s03"
"driving_01","1722","86.1","720","480","driving_01_s03"
"driving_01","1723","86.15","720","480","driving_01_s03"
"driving_01","1724","86.2","720","480","driving_01_s03"
"driving_01","1725","86.25","720","480","driving_01_s03"
"driving_01","1726","86.3","720","480","driving_01_s03"
"driving_01","1727","86.35","720","480","driving_01_s03"
"driving_01","1728","86.4","720","480","driving_01_s03"
"driving_01","1729","86.45","720","480","driving_01_s03"
"driving_01","1730","86.5","720","480","driving_01_s03"
"driving_01","1731","86.55","720","480","driving_01_s03"
"driving_01","1732","86.6","720","480","driving_01_s03"
"driving_01","1733","86.65","720","480","driving_01_s03"
"driving_01","1734","86.7","720","480","driving_01_s03"
"driving_01","1735","86.75","720","480","driving_01_s03"
"driving_01","1736","86.8","720","480","driving_01_s03"
"driving_01","1737","86.85","720","480","driving_01_s03"
"driving_01","1738","86.9","720","480","driving_01_s03"
"driving_01","1739","86.95","720","480","driving_01_s03"
"driving_01","1740","87","720","480","driving_01_s03"
"driving_01","1741","87.05","720","480","driving_01_s03"
"driving_01","1742","87.1","720","480","driving_01_s03"
"driving_01","1743","87.15","720","480","driving_01_s03"
"driving_01","1744","87.2","720","480","driving_01_s03"
"driving_01","1745","87.25","720","480","driving_01_s03"
"driving_01","1746","87.3","720","480","driving_01_s03"
"driving_01","1747","87.35","720","480","driving_01_s03"
"driving_01","1748","87.4","720","480","driving_01_s03"
"driving_01","1749","87.45","720","480","driving_01_s03"
"driving_01","1750","87.5","720","480","driving_01_s03"
"driving_01","1751","87.55","720","480","driving_01_s03"
"driving_01","1752","87.6","720","480","driving_01_s03"
"driving_01","1753","87.65","720","480","driving_01_s03"
"driving_01","1754","87.7","720","480","driving_01_s03"
"driving_01","1755","87.75","720","480","driving_01_s03"
"driving_01","1756","87.8","720","480","driving_01_s03"
"driving_01","1757","87.85","720","480","driving_01_s03"
"driving_01","1758","87.9","720","480","driving_01_s03"
"driving_01","1759","87.95","720","480","driving_01_s03"
"driving_01","1760","88","720","480","driving_01_s03"
"driving_01","1761","88.05","720","480","driving_01_s03"
"driving_01","1762","88.1","720","480","driving_01_s03"
"driving_01","1763","88.15","720","480","driving_01_s03"
"driving_01","1764","88.2","720","480","driving_01_s03"
"driving_01","1765","88.25","720","480","driving_01_s03"
"driving_01","1766","88.3","720","480","driving_01_s03"
"driving_01","1767","88.35","720","480","driving_01_s03"
"driving_01","1768","88.4","720","480","driving_01_s03"
"driving_01","1769","88.45","720","480","driving_01_s03"
"driving_01","1770","88.5","720","480","driving_01_s03"
"driving_01","1771","88.55","720","480","driving_01_s03"
"driving_01","1772","88.6","720","480","driving_01_s03"
"driving_01","1773","88.65","720","480","driving_01_s03"
"driving_01","1774","88.7","720","480","driving_01_s03"
"driving_01","1775","88.75","720","480","driving_01_s03"
"driving_01","1776","88.8","720","480","driving_01_s03"
"driving_01","1777","88.85","720","480","driving_01_s03"
"driving_01","1778","88.9","720","480","driving_01_s03"
"driving_01","1779","88.95","720","480","driving_01_s03"
"driving_01","1780","89","720","480","driving_01_s03"
"driving_01","1781","89.05","720","480","driving_01_s03"
"driving_01","1782","89.1","720","480","driving_01_s03"
"driving_01","1783","89.15","720","480","driving_01_s03"
"driving_01","1784","89.2","720","480","driving_01_s03"
"driving_01","1785","89.25","720","480","driving_01_s03"
"driving_01","1786","89.3","720","480","driving_01_s03"
"driving_01","1787","89.35","720","480","driving_01_s03"
"driving_01","1788","89.4","720","480","driving_01_s03"
"driving_01","1789","89.45","720","480","driving_01_s03"
"driving_01","1790","89.5","720","480","driving_01_s03"
"driving_01","1791","89.55","720","480","driving_01_s03"
"driving_01","1792","89.6","720","480","driving_01_s03"
"driving_01","1793","89.65","720","480","driving_01_s03"
"driving_01","1794","89.7","720","480","driving_01_s03"
"driving_01","1795","89.75","720","480","driving_01_s03"
"driving_01","1796","89.8","720","480","driving_01_s03"
"driving_01","1797","89.85","720","480","driving_01_s03"
"driving_01","1798","89.9","720","480","driving_01_s03"
"driving_01","1799","89.95","720","480","driving_01_s03"
"driving_01","1800","90","720","480","driving_01_s03"
"driving_01","1801","90.05","720","480","driving_01_s03"
"driving_01","1802","90.1","720","480","driving_01_s03"
"driving_01","1803","90.15","720","480","driving_01_s03"
"driving_01","1804","90.2","720","480","driving_01_s03"
"driving_01","1805","90.25","720","480","driving_01_s03"
"driving_01","1806","90.3","720","480","driving_01_s03"
"driving_01","1807","90.35","720","480","driving_01_s03"
"driving_01","1808","90.4","720","480","driving_01_s03"
"driving_01","1809","90.45","720","480","driving_01_s03"
"driving_01","1810","90.5","720","480","driving_01_s03"
"driving_01","1811","90.55","720","480","driving_01_s03"
"driving_01","1812","90.6","720","480","driving_01_s03"
"driving_01","1813","90.65","720","480","driving_01_s03"
"driving_01","1814","90.7","720","480","driving_01_s03"
"driving_01","1815","90.75","720","480","driving_01_s03"
"driving_01","1816","90.8","720","480","driving_01_s03"
"driving_01","1817","90.85","720","480","driving_01_s03"
"driving_01","1818","90.9","720","480","driving_01_s03"
"driving_01","1819","90.95","720","480","driving_01_s03"
"driving_01","1820","91","720","480","driving_01_s03"
"driving_01","1821","91.05","720","480","driving_01_s03"
"driving_01","1822","91.1","720","480","driving_01_s03"
"driving_01","1823","91.15","720","480","driving_01_s03"
"driving_01","1824","91.2","720","480","driving_01_s03"
"driving_01","1825","91.25","720","480","driving_01_s03"
"driving_01","1826","91.3","720","480","driving_01_s03"
"driving_01","1827","91.35","720","480","driving_01_s03"
"driving_01","1828","91.4","720","480","driving_01_s03"
"driving_01","1829","91.45","720","480","driving_01_s03"
"driving_01","1830","91.5","720","480","driving_01_s03"
"driving_01","1831","91.55","720","480","driving_01_s03"
"driving_01","1832","91.6","720","480","driving_01_s03"
"driving_01","1833","91.65","720","480","driving_01_s03"
"driving_01","1834","91.7","720","480","driving_01_s03"
"driving_01","1835","91.75","720","480","driving_01_s03"
"driving_01","1836","91.8","720","480","driving_01_s03"
"driving_01","1837","91.85","720","480","driving_01_s03"
"driving_01","1838","91.9","720","480","driving_01_s03"
"driving_01","1839","91.95","720","480","driving_01_s03"
"driving_01","1840","92","720","480","driving_01_s03"
"driving_01","1841","92.05","720","480","driving_01_s03"
"driving_01","1842","92.1","720","480","driving_01_s03"
"driving_01","1843","92.15","720","480","driving_01_s03"
"driving_01","1844","92.2","720","480","driving_01_s03"
"driving_01","1845","92.25","720","480","driving_01_s03"
"driving_01","1846","92.3","720","480","driving_01_s03"
"driving_01","1847","92.35","720","480","driving_01_s03"
"driving_01","1848","92.4","720","480","driving_01_s03"
"driving_01","1849","92.45","720","480","driving_01_s03"
"driving_01","1850","92.5","720","480","driving_01_s03"
"driving_01","1851","92.55","720","480","driving_01_s03"
"driving_01","1852","92.6","720","480","driving_01_s03"
"driving_01","1853","92.65","720","480","driving_01_s03"
"driving_01","1854","92.7","720","480","driving_01_s03"
"driving_01","1855","92.75","720","480","driving_01_s03"
"driving_01","1856","92.8","720","480","driving_01_s03"
"driving_01","1857","92.85","720","480","driving_01_s03"
"driving_01","1858","92.9","720","480","driving_01_s03"
"driving_01","1859","92.95","720","480","driving_01_s03"
"driving_01","1860","93","720","480","driving_01_s03"
"driving_01","1861","93.05","720","480","driving_01_s03"
"driving_01","1862","93.1","720","480","driving_01_s03"
"driving_01","1863","93.15","720","480","driving_01_s03"
"driving_01","1864","93.2","720","480","driving_01_s03"
"driving_01","1865","93.25","720","480","driving_01_s03"
"driving_01","1866","93.3","720","480","driving_01_s03"
"driving_01","1867","93.35","720","480","driving_01_s03"
"driving_01","1868","93.4","720","480","driving_01_s03"
"driving_01","1869","93.45","720","480","driving_01_s03"
"driving_01","1870","93.5","720","480","driving_01_s03"
"driving_01","1871","93.55","720","480","driving_01_s03"
"driving_01","1872","93.6","720","480","driving_01_s03"
"driving_01","1873","93.65","720","480","driving_01_s03"
"driving_01","1874","93.7","720","480","driving_01_s03"
"driving_01","1875","93.75","720","480","driving_01_s03"
"driving_01","1876","93.8","720","480","driving_01_s03"
"driving_01","1877","93.85","720","480","driving_01_s03"
"driving_01","1878","93.9","720","480","driving_01_s03"
"driving_01","1879","93.95","720","480","driving_01_s03"
"driving_01","1880","94","720","480","driving_01_s03"
"driving_01","1881","94.05","720","480","driving_01_s03"
"driving_01","1882","94.1","720","480","driving_01_s03"
"driving_01","1883","94.15","720","480","driving_01_s03"
"driving_01","1884","94.2","720","480","driving_01_s03"
"driving_01","1885","94.25","720","480","driving_01_s03"
"driving_01","1886","94.3","720","480","driving_01_s03"
"driving_01","1887","94.35","720","480","driving_01_s03"
"driving_01","1888","94.4","720","480","driving_01_s03"
"driving_01","1889","94.45","720","480","driving_01_s03"
"driving_01","1890","94.5","720","480","driving_01_s03"
"driving_01","1891","94.55","720","480","driving_01_s03"
"driving_01","1892","94.6","720","480","driving_01_s03"
"driving_01","1893","94.65","720","480","driving_01_s03"
"driving_01","1894","94.7","720","480","driving_01_s03"
"driving_01","1895","94.75","720","480","driving_01_s03"
"driving_01","1896","94.8","720","480","driving_01_s03"
"driving_01","1897","94.85","720","480","driving_01_s03"
"driving_01","1898","94.9","720","480","driving_01_s03"
"driving_01","1899","94.95","720","480","driving_01_s03"
"driving_01","1900","95","720","480","driving_01_s03"
"driving_01","1901","95.05","720","480","driving_01_s03"
"driving_01","1902","95.1","720","480","driving_01_s03"
"driving_01","1903","95.15","720","480","driving_01_s03"
"driving_01","1904","95.2","720","480","driving_01_s03"
"driving_01","1905","95.25","720","480","driving_01_s03"
"driving_01","1906","95.3","720","480","driving_01_s03"
"driving_01","1907","95.35","720","480","driving_01_s03"
"driving_01","1908","95.4","720","480","driving_01_s03"
"driving_01","1909","95.45","720","480","driving_01_s03"
"driving_01","1910","95.5","720","480","driving_01_s03"
"driving_01","1911","95.55","720","480","driving_01_s03"
"driving_01","1912","95.6","720","480","driving_01_s03"
"driving_01","1913","95.65","720","480","driving_01_s03"
"driving_01","1914","95.7","720","480","driving_01_s03"
"driving_01","1915","95.75","720","480","driving_01_s03"
"driving_01","1916","95.8","720","480","driving_01_s03"
"driving_01","1917","95.85","720","480","driving_01_s03"
"driving_01","1918","95.9","720","480","driving_01_s03"
"driving_01","1919","95.95","720","480","driving_01_s03"
"driving_01","1920","96","720","480","driving_01_s03"
"driving_01","1921","96.05","720","480","driving_01_s03"
"driving_01","1922","96.1","720","480","driving_01_s03"
"driving_01","1923","96.15","720","480","driving_01_s03"
"driving_01","1924","96.2","720","480","driving_01_s03"
"driving_01","1925","96.25","720","480","driving_01_s03"
"driving_01","1926","96.3","720","480","driving_01_s03"
"driving_01","1927","96.35","720","480","driving_01_s03"
"driving_01","1928","96.4","720","480","driving_01_s03"
"driving_01","1929","96.45","720","480","driving_01_s03"
"driving_01","1930","96.5","720","480","driving_01_s03"
"driving_01","1931","96.55","720","480","driving_01_s03"
"driving_01","1932","96.6","720","480","driving_01_s03"
"driving_01","1933","96.65","720","480","driving_01_s03"
"driving_01","1934","96.7","720","480","driving_01_s03"
"driving_01","1935","96.75","720","480","driving_01_s03"
"driving_01","1936","96.8","720","480","driving_01_s03"
"driving_01","1937","96.85","720","480","driving_01_s03"
"driving_01","1938","96.9","720","480","driving_01_s03"
"driving_01","1939","96.95","720","480","driving_01_s03"
"driving_01","1940","97","720","480","driving_01_s03"
"driving_01","1941","97.05","720","480","driving_01_s03"
"driving_01","1942","97.1","720","480","driving_01_s03"
"driving_01","1943","97.15","720","480","driving_01_s03"
"driving_01","1944","97.2","720","480","driving_01_s03"
"driving_01","1945","97.25","720","480","driving_01_s03"
"driving_01","1946","97.3","720","480","driving_01_s03"
"driving_01","1947","97.35","720","480","driving_01_s03"
"driving_01","1948","97.4","720","480","driving_01_s03"
"driving_01","1949","97.45","720","480","driving_01_s03"
"driving_01","1950","97.5","720","480","driving_01_s03"
"driving_01","1951","97.55","720","480","driving_01_s03"
"driving_01","1952","97.6","720","480","driving_01_s03"
"driving_01","1953","97.65","720","480","driving_01_s03"
"driving_01","1954","97.7","720","480","driving_01_s03"
"driving_01","1955","97.75","720","480","driving_01_s03"
"driving_01","1956","97.8","720","480","driving_01_s03"
"driving_01","1957","97.85","720","480","driving_01_s03"
"driving_01","1958","97.9","720","480","driving_01_s03"
"driving_01","1959","97.95","720","480","driving_01_s03"
"driving_01","1960","98","720","480","driving_01_s03"
"driving_01","1961","98.05","720","480","driving_01_s03"
"driving_01","1962","98.1","720","480","driving_01_s03"
"driving_01","1963","98.15","720","480","driving_01_s03"
"driving_01","1964","98.2","720","480","driving_01_s03"
"driving_01","1965","98.25","720","480","driving_01_s03"
"driving_01","1966","98.3","720","480","driving_01_s03"
"driving_01","1967","98.35","720","480","driving_01_s03"
"driving_01","1968","98.4","720","480","driving_01_s03"
"driving_01","1969","98.45","720","480","driving_01_s03"
"driving_01","1970","98.5","720","480","driving_01_s03"
"driving_01","1971","98.55","720","480","driving_01_s03"
"driving_01","1972","98.6","720","480","driving_01_s03"
"driving_01","1973","98.65","720","480","driving_01_s03"
"driving_01","1974","98.7","720","480","driving_01_s03"
"driving_01","1975","98.75","720","480","driving_01_s03"
"driving_01","1976","98.8","720","480","driving_01_s03"
"driving_01","1977","98.85","720","480","driving_01_s03"
"driving_01","1978","98.9","720","480","driving_01_s03"
"driving_01","1979","98.95","720","480","driving_01_s03"
"driving_01","1980","99","720","480","driving_01_s03"
"driving_01","1981","99.05","720","480","driving_01_s03"
"driving_01","1982","99.1","720","480","driving_01_s03"
"driving_01","1983","99.15","720","480","driving_01_s03"
"driving_01","1984","99.2","720","480","driving_01_s03"
"driving_01","1985","99.25","720","480","driving_01_s03"
"driving_01","1986","99.3","720","480","driving_01_s03"
"driving_01","1987","99.35","720","480","driving_01_s03"
"driving_01","1988","99.4","720","480","driving_01_s03"
"driving_01","1989","99.45","720","480","driving_01_s03"
"driving_01","1990","99.5","720","480","driving_01_s03"
"driving_01","1991","99.55","720","480","driving_01_s03"
"driving_01","1992","99.6","720","480","driving_01_s03"
"driving_01","1993","99.65","720","480","driving_01_s03"
"driving_01","1994","99.7","720","480","driving_01_s03"
"driving_01","1995","99.75","720","480","driving_01_s03"
"driving_01","1996","99.8","720","480","driving_01_s03"
"driving_01","1997","99.85","720","480","driving_01_s03"
"driving_01","1998","99.9","720","480","driving_01_s03"
"driving_01","1999","99.95","720","480","driving_01_s03"
"driving_01","2000","100","720","480","driving_01_s03"
"driving_01","2001","100.05","720","480","driving_01_s03"
"driving_01","2002","100.1","720","480","driving_01_s03"
"driving_01","2003","100.15","720","480","driving_01_s03"
"driving_01","2004","100.2","720","480","driving_01_s03"
"driving_01","2005","100.25","720","480","driving_01_s03"
"driving_01","2006","100.3","720","480","driving_01_s03"
"driving_01","2007","100.35","720","480","driving_01_s03"
"driving_01","2008","100.4","720","480","driving_01_s03"
"driving_01","2009","100.45","720","480","driving_01_s03"
"driving_01","2010","100.5","720","480","driving_01_s03"
"driving_01","2011","100.55","720","480","driving_01_s03"
"driving_01","2012","100.6","720","480","driving_01_s03"
"driving_01","2013","100.65","720","480","driving_01_s03"
"driving_01","2014","100.7","720","480","driving_01_s03"
"driving_01","2015","100.75","720","480","driving_01_s03"
"driving_01","2016","100.8","720","480","driving_01_s03"
"driving_01","2017","100.85","720","480","driving_01_s03"
"driving_01","2018","100.9","720","480","driving_01_s03"
"driving_01","2019","100.95","720","480","driving_01_s03"
"driving_01","2020","101","720","480","driving_01_s03"
"driving_01","2021","101.05","720","480","driving_01_s03"
"driving_01","2022","101.1","720","480","driving_01_s03"
"driving_01","2023","101.15","720","480","driving_01_s03"
"driving_01","2024","101.2","720","480","driving_01_s03"
"driving_01","2025","101.25","720","480","driving_01_s03"
"driving_01","2026","101.3","720","480","driving_01_s03"
"driving_01","2027","101.35","720","480","driving_01_s03"
"driving_01","2028","101.4","720","480","driving_01_s03"
"driving_01","2029","101.45","720","480","driving_01_s03"
"driving_01","2030","101.5","720","480","driving_01_s03"
"driving_01","2031","101.55","720","480","driving_01_s03"
"driving_01","2032","101.6","720","480","driving_01_s03"
"driving_01","2033","101.65","720","480","driving_01_s03"
"driving_01","2034","101.7","720","480","driving_01_s03"
"driving_01","2035","101.75","720","480","driving_01_s03"
"driving_01","2036","101.8","720","480","driving_01_s03"
"driving_01","2037","101.85","720","480","driving_01_s03"
"driving_01","2038","101.9","720","480","driving_01_s03"
"driving_01","2039","101.95","720","480","driving_01_s03"
"driving_01","2040","102","720","480","driving_01_s03"
"driving_01","2041","102.05","720","480","driving_01_s03"
"driving_01","2042","102.1","720","480","driving_01_s03"
"driving_01","2043","102.15","720","480","driving_01_s03"
"driving_01","2044","102.2","720","480","driving_01_s03"
"driving_01","2045","102.25","720","480","driving_01_s03"
"driving_01","2046","102.3","720","480","driving_01_s03"
"driving_01","2047","102.35","720","480","driving_01_s03"
"driving_01","2048","102.4","720","480","driving_01_s03"
"driving_01","2049","102.45","720","480","driving_01_s03"
"driving_01","2050","102.5","720","480","driving_01_s03"
"driving_01","2051","102.55","720","480","driving_01_s03"
"driving_01","2052","102.6","720","480","driving_01_s03"
"driving_01","2053","102.65","720","480","driving_01_s03"
"driving_01","2054","102.7","720","480","driving_01_s03"
"driving_01","2055","102.75","720","480","driving_01_s03"
"driving_01","2056","102.8","720","480","driving_01_s03"
"driving_01","2057","102.85","720","480","driving_01_s03"
"driving_01","2058","102.9","720","480","driving_01_s03"
"driving_01","2059","102.95","720","480","driving_01_s03"
"driving_01","2060","103","720","480","driving_01_s03"
"driving_01","2061","103.05","720","480","driving_01_s03"
"driving_01","2062","103.1","720","480","driving_01_s03"
"driving_01","2063","103.15","720","480","driving_01_s03"
"driving_01","2064","103.2","720","480","driving_01_s03"
"driving_01","2065","103.25","720","480","driving_01_s03"
"driving_01","2066","103.3","720","480","driving_01_s03"
"driving_01","2067","103.35","720","480","driving_01_s03"
"driving_01","2068","103.4","720","480","driving_01_s03"
"driving_01","2069","103.45","720","480","driving_01_s03"
"driving_01","2070","103.5","720","480","driving_01_s03"
"driving_01","2071","103.55","720","480","driving_01_s03"
"driving_01","2072","103.6","720","480","driving_01_s03"
"driving_01","2073","103.65","720","480","driving_01_s03"
"driving_01","2074","103.7","720","480","driving_01_s03"
"driving_01","2075","103.75","720","480","driving_01_s03"
"driving_01","2076","103.8","720","480","driving_01_s03"
"driving_01","2077","103.85","720","480","driving_01_s03"
"driving_01","2078","103.9","720","480","driving_01_s03"
"driving_01","2079","103.95","720","480","driving_01_s03"
"driving_01","2080","104","720","480","driving_01_s03"
"driving_01","2081","104.05","720","480","driving_01_s03"
"driving_01","2082","104.1","720","480","driving_01_s03"
"driving_01","2083","104.15","720","480","driving_01_s03"
"driving_01","2084","104.2","720","480","driving_01_s03"
"driving_01","2085","104.25","720","480","driving_01_s03"
"driving_01","2086","104.3","720","480","driving_01_s03"
"driving_01","2087","104.35","720","480","driving_01_s03"
"driving_01","2088","104.4","720","480","driving_01_s03"
"driving_01","2089","104.45","720","480","driving_01_s03"
"driving_01","2090","104.5","720","480","driving_01_s03"
"driving_01","2091","104.55","720","480","driving_01_s03"
"driving_01","2092","104.6","720","480","driving_01_s03"
"driving_01","2093","104.65","720","480","driving_01_s03"
"driving_01","2094","104.7","720","480","driving_01_s03"
"driving_01","2095","104.75","720","480","driving_01_s03"
"driving_01","2096","104.8","720","480","driving_01_s03"
"driving_01","2097","104.85","720","480","driving_01_s03"
"driving_01","2098","104.9","720","480","driving_01_s03"
"driving_01","2099","104.95","720","480","driving_01_s03"
"driving_01","2100","105","720","480","driving_01_s03"
"driving_01","2101","105.05","720","480","driving_01_s03"
"driving_01","2102","105.1","720","480","driving_01_s03"
"driving_01","2103","105.15","720","480","driving_01_s03"
"driving_01","2104","105.2","720","480","driving_01_s03"
"driving_01","2105","105.25","720","480","driving_01_s03"
"driving_01","2106","105.3","720","480","driving_01_s03"
"driving_01","2107","105.35","720","480","driving_01_s03"
"driving_01","2108","105.4","720","480","driving_01_s03"
"driving_01","2109","105.45","720","480","driving_01_s03"
"driving_01","2110","105.5","720","480","driving_01_s03"
"driving_01","2111","105.55","720","480","driving_01_s03"
"driving_01","2112","105.6","720","480","driving_01_s03"
"driving_01","2113","105.65","720","480","driving_01_s03"
"driving_01","2114","105.7","720","480","driving_01_s03"
"driving_01","2115","105.75","720","480","driving_01_s03"
"driving_01","2116","105.8","720","480","driving_01_s03"
"driving_01","2117","105.85","720","480","driving_01_s03"
"driving_01","2118","105.9","720","480","driving_01_s03"
"driving_01","2119","105.95","720","480","driving_01_s03"
"driving_01","2120","106","720","480","driving_01_s03"
"driving_01","2121","106.05","720","480","driving_01_s03"
"driving_01","2122","106.1","720","480","driving_01_s03"
"driving_01","2123","106.15","720","480","driving_01_s03"
"driving_01","2124","106.2","720","480","driving_01_s03"
"driving_01","2125","106.25","720","480","driving_01_s03"
"driving_01","2126","106.3","720","480","driving_01_s03"
"driving_01","2127","106.35","720","480","driving_01_s03"
"driving_01","2128","106.4","720","480","driving_01_s03"
"driving_01","2129","106.45","720","480","driving_01_s03"
"driving_01","2130","106.5","720","480","driving_01_s03"
"driving_01","2131","106.55","720","480","driving_01_s03"
"driving_01","2132","106.6","720","480","driving_01_s03"
"driving_01","2133","106.65","720","480","driving_01_s03"
"driving_01","2134","106.7","720","480","driving_01_s03"
"driving_01","2135","106.75","720","480","driving_01_s03"
"driving_01","2136","106.8","720","480","driving_01_s03"
"driving_01","2137","106.85","720","480","driving_01_s03"
"driving_01","2138","106.9","720","480","driving_01_s03"
"driving_01","2139","106.95","720","480","driving_01_s03"
"driving_01","2140","107","720","480","driving_01_s03"
"driving_01","2141","107.05","720","480","driving_01_s03"
"driving_01","2142","107.1","720","480","driving_01_s03"
"driving_01","2143","107.15","720","480","driving_01_s03"
"driving_01","2144","107.2","720","480","driving_01_s03"
"driving_01","2145","107.25","720","480","driving_01_s03"
"driving_01","2146","107.3","720","480","driving_01_s03"
"driving_01","2147","107.35","720","480","driving_01_s03"
"driving_01","2148","107.4","720","480","driving_01_s03"
"driving_01","2149","107.45","720","480","driving_01_s03"
"driving_01","2150","107.5","720","480","driving_01_s03"
"driving_01","2151","107.55","720","480","driving_01_s03"
"driving_01","2152","107.6","720","480","driving_01_s03"
"driving_01","2153","107.65","720","480","driving_01_s03"
"driving_01","2154","107.7","720","480","driving_01_s03"
"driving_01","2155","107.75","720","480","driving_01_s03"
"driving_01","2156","107.8","720","480","driving_01_s03"
"driving_01","2157","107.85","720","480","driving_01_s03"
"driving_01","2158","107.9","720","480","driving_01_s03"
"driving_01","2159","107.95","720","480","driving_01_s03"
"driving_01","2160","108","720","480","driving_01_s03"
"driving_01","2161","108.05","720","480","driving_01_s03"
"driving_01","2162","108.1","720","480","driving_01_s03"
"driving_01","2163","108.15","720","480","driving_01_s03"
"driving_01","2164","108.2","720","480","driving_01_s03"
"driving_01","2165","108.25","720","480","driving_01_s03"
"driving_01","2166","108.3","720","480","driving_01_s03"
"driving_01","2167","108.35","720","480","driving_01_s03"
"driving_01","2168","108.4","720","480","driving_01_s03"
"driving_01","2169","108.45","720","480","driving_01_s03"
"driving_01","2170","108.5","720","480","driving_01_s03"
"driving_01","2171","108.55","720","480","driving_01_s03"
"driving_01","2172","108.6","720","480","driving_01_s03"
"driving_01","2173","108.65","720","480","driving_01_s03"
"driving_01","2174","108.7","720","480","driving_01_s03"
"driving_01","2175","108.75","720","480","driving_01_s03"
"driving_01","2176","108.8","720","480","driving_01_s03"
"driving_01","2177","108.85","720","480","driving_01_s03"
"driving_01","2178","108.9","720","480","driving_01_s03"
"driving_01","2179","108.95","720","480","driving_01_s03"
"driving_01","2180","109","720","480","driving_01_s03"
"driving_01","2181","109.05","720","480","driving_01_s03"
"driving_01","2182","109.1","720","480","driving_01_s03"
"driving_01","2183","109.15","720","480","driving_01_s03"
"driving_01","2184","109.2","720","480","driving_01_s03"
"driving_01","2185","109.25","720","480","driving_01_s03"
"driving_01","2186","109.3","720","480","driving_01_s03"
"driving_01","2187","109.35","720","480","driving_01_s03"
"driving_01","2188","109.4","720","480","driving_01_s03"
"driving_01","2189","109.45","720","480","driving_01_s03"
"driving_01","2190","109.5","720","480","driving_01_s03"
"driving_01","2191","109.55","720","480","driving_01_s03"
"driving_01","2192","109.6","720","480","driving_01_s03"
"driving_01","2193","109.65","720","480","driving_01_s03"
"driving_01","2194","109.7","720","480","driving_01_s03"
"driving_01","2195","109.75","720","480","driving_01_s03"
"driving_01","2196","109.8","720","480","driving_01_s03"
"driving_01","2197","109.85","720","480","driving_01_s03"
"driving_01","2198","109.9","720","480","driving_01_s03"
"driving_01","2199","109.95","720","480","driving_01_s03"
"driving_01","2200","110","720","480","driving_01_s03"
"driving_01","2201","110.05","720","480","driving_01_s03"
"driving_01","2202","110.1","720","480","driving_01_s03"
"driving_01","2203","110.15","720","480","driving_01_s03"
"driving_01","2204","110.2","720","480","driving_01_s03"
"driving_01","2205","110.25","720","480","driving_01_s03"
"driving_01","2206","110.3","720","480","driving_01_s03"
"driving_01","2207","110.35","720","480","driving_01_s03"
"driving_01","2208","110.4","720","480","driving_01_s03"
"driving_01","2209","110.45","720","480","driving_01_s03"
"driving_01","2210","110.5","720","480","driving_01_s03"
"driving_01","2211","110.55","720","480","driving_01_s03"
"driving_01","2212","110.6","720","480","driving_01_s03"
"driving_01","2213","110.65","720","480","driving_01_s03"
"driving_01","2214","110.7","720","480","driving_01_s03"
"driving_01","2215","110.75","720","480","driving_01_s03"
"driving_01","2216","110.8","720","480","driving_01_s03"
"driving_01","2217","110.85","720","480","driving_01_s03"
"driving_01","2218","110.9","720","480","driving_01_s03"
"driving_01","2219","110.95","720","480","driving_01_s03"
"driving_01","2220","111","720","480","driving_01_s03"
"driving_01","2221","111.05","720","480","driving_01_s03"
"driving_01","2222","111.1","720","480","driving_01_s03"
"driving_01","2223","111.15","720","480","driving_01_s03"
"driving_01","2224","111.2","720","480","driving_01_s03"
"driving_01","2225","111.25","720","480","driving_01_s03"
"driving_01","2226","111.3","720","480","driving_01_s03"
"driving_01","2227","111.35","720","480","driving_01_s03"
"driving_01","2228","111.4","720","480","driving_01_s03"
"driving_01","2229","111.45","720","480","driving_01_s03"
"driving_01","2230","111.5","720","480","driving_01_s03"
"driving_01","2231","111.55","720","480","driving_01_s03"
"driving_01","2232","111.6","720","480","driving_01_s03"
"driving_01","2233","111.65","720","480","driving_01_s03"
"driving_01","2234","111.7","720","480","driving_01_s03"
"driving_01","2235","111.75","720","480","driving_01_s03"
"driving_01","2236","111.8","720","480","driving_01_s03"
"driving_01","2237","111.85","720","480","driving_01_s03"
"driving_01","2238","111.9","720","480","driving_01_s03"
"driving_01","2239","111.95","720","480","driving_01_s03"
"driving_01","2240","112","720","480","driving_01_s03"
"driving_01","2241","112.05","720","480","driving_01_s03"
"driving_01","2242","112.1","720","480","driving_01_s03"
"driving_01","2243","112.15","720","480","driving_01_s03"
"driving_01","2244","112.2","720","480","driving_01_s03"
"driving_01","2245","112.25","720","480","driving_01_s03"
"driving_01","2246","112.3","720","480","driving_01_s03"
"driving_01","2247","112.35","720","480","driving_01_s03"
"driving_01","2248","112.4","720","480","driving_01_s03"
"driving_01","2249","112.45","720","480","driving_01_s03"
"driving_01","2250","112.5","720","480","driving_01_s03"
"driving_01","2251","112.55","720","480","driving_01_s03"
"driving_01","2252","112.6","720","480","driving_01_s03"
"driving_01","2253","112.65","720","480","driving_01_s03"
"driving_01","2254","112.7","720","480","driving_01_s03"
"driving_01","2255","112.75","720","480","driving_01_s03"
"driving_01","2256","112.8","720","480","driving_01_s03"
"driving_01","2257","112.85","720","480","driving_01_s03"
"driving_01","2258","112.9","720","480","driving_01_s03"
"driving_01","2259","112.95","720","480","driving_01_s03"
"driving_01","2260","113","720","480","driving_01_s03"
"driving_01","2261","113.05","720","480","driving_01_s03"
"driving_01","2262","113.1","720","480","driving_01_s03"
"driving_01","2263","113.15","720","480","driving_01_s03"
"driving_01","2264","113.2","720","480","driving_01_s03"
"driving_01","2265","113.25","720","480","driving_01_s03"
"driving_01","2266","113.3","720","480","driving_01_s03"
"driving_01","2267","113.35","720","480","driving_01_s03"
"driving_01","2268","113.4","720","480","driving_01_s03"
"driving_01","2269","113.45","720","480","driving_01_s03"
"driving_01","2270","113.5","720","480","driving_01_s03"
"driving_01","2271","113.55","720","480","driving_01_s03"
"driving_01","2272","113.6","720","480","driving_01_s03"
"driving_01","2273","113.65","720","480","driving_01_s03"
"driving_01","2274","113.7","720","480","driving_01_s03"
"driving_01","2275","113.75","720","480","driving_01_s03"
"driving_01","2276","113.8","720","480","driving_01_s03"
"driving_01","2277","113.85","720","480","driving_01_s03"
"driving_01","2278","113.9","720","480","driving_01_s03"
"driving_01","2279","113.95","720","480","driving_01_s03"
"driving_01","2280","114","720","480","driving_01_s03"
"driving_01","2281","114.05","720","480","driving_01_s03"
"driving_01","2282","114.1","720","480","driving_01_s03"
"driving_01","2283","114.15","720","480","driving_01_s03"
"driving_01","2284","114.2","720","480","driving_01_s03"
"driving_01","2285","114.25","720","480","driving_01_s03"
"driving_01","2286","114.3","720","480","driving_01_s03"
"driving_01","2287","114.35","720","480","driving_01_s03"
"driving_01","2288","114.4","720","480","driving_01_s03"
"driving_01","2289","114.45","720","480","driving_01_s03"
"driving_01","2290","114.5","720","480","driving_01_s03"
"driving_01","2291","114.55","720","480","driving_01_s03"
"driving_01","2292","114.6","720","480","driving_01_s03"
"driving_01","2293","114.65","720","480","driving_01_s03"
"driving_01","2294","114.7","720","480","driving_01_s03"
"driving_01","2295","114.75","720","480","driving_01_s03"
"driving_01","2296","114.8","720","480","driving_01_s03"
"driving_01","2297","114.85","720","480","driving_01_s03"
"driving_01","2298","114.9","720","480","driving_01_s03"
"driving_01","2299","114.95","720","480","driving_01_s03"
"driving_01","2300","115","720","480","driving_01_s03"
"driving_01","2301","115.05","720","480","driving_01_s03"
"driving_01","2302","115.1","720","480","driving_01_s03"
"driving_01","2303","115.15","720","480","driving_01_s03"
"driving_01","2304","115.2","720","480","driving_01_s03"
"driving_01","2305","115.25","720","480","driving_01_s03"
"driving_01","2306","115.3","720","480","driving_01_s03"
"driving_01","2307","115.35","720","480","driving_01_s03"
"driving_01","2308","115.4","720","480","driving_01_s03"
"driving_01","2309","115.45","720","480","driving_01_s03"
"driving_01","2310","115.5","720","480","driving_01_s03"
"driving_01","2311","115.55","720","480","driving_01_s03"
"driving_01","2312","115.6","720","480","driving_01_s03"
"driving_01","2313","115.65","720","480","driving_01_s03"
"driving_01","2314","115.7","720","480","driving_01_s03"
"driving_01","2315","115.75","720","480","driving_01_s03"
"driving_01","2316","115.8","720","480","driving_01_s03"
"driving_01","2317","115.85","720","480","driving_01_s03"
"driving_01","2318","115.9","720","480","driving_01_s03"
"driving_01","2319","115.95","720","480","driving_01_s03"
"driving_01","2320","116","720","480","driving_01_s03"
"driving_01","2321","116.05","720","480","driving_01_s03"
"driving_01","2322","116.1","720","480","driving_01_s03"
"driving_01","2323","116.15","720","480","driving_01_s03"
"driving_01","2324","116.2","720","480","driving_01_s03"
"driving_01","2325","116.25","720","480","driving_01_s03"
"driving_01","2326","116.3","720","480","driving_01_s03"
"driving_01","2327","116.35","720","480","driving_01_s03"
"driving_01","2328","116.4","720","480","driving_01_s03"
"driving_01","2329","116.45","720","480","driving_01_s03"
"driving_01","2330","116.5","720","480","driving_01_s03"
"driving_01","2331","116.55","720","480","driving_01_s03"
"driving_01","2332","116.6","720","480","driving_01_s03"
"driving_01","2333","116.65","720","480","driving_01_s03"
"driving_01","2334","116.7","720","480","driving_01_s03"
"driving_01","2335","116.75","720","480","driving_01_s03"
"driving_01","2336","116.8","720","480","driving_01_s03"
"driving_01","2337","116.85","720","480","driving_01_s03"
"driving_01","2338","116.9","720","480","driving_01_s03"
"driving_01","2339","116.95","720","480","driving_01_s03"
"driving_01","2340","117","720","480","driving_01_s03"
"driving_01","2341","117.05","720","480","driving_01_s03"
"driving_01","2342","117.1","720","480","driving_01_s03"
"driving_01","2343","117.15","720","480","driving_01_s03"
"driving_01","2344","117.2","720","480","driving_01_s03"
"driving_01","2345","117.25","720","480","driving_01_s03"
"driving_01","2346","117.3","720","480","driving_01_s03"
"driving_01","2347","117.35","720","480","driving_01_s03"
"driving_01","2348","117.4","720","480","driving_01_s03"
"driving_01","2349","117.45","720","480","driving_01_s03"
"driving_01","2350","117.5","720","480","driving_01_s03"
"driving_01","2351","117.55","720","480","driving_01_s03"
"driving_01","2352","117.6","720","480","driving_01_s03"
"driving_01","2353","117.65","720","480","driving_01_s03"
"driving_01","2354","117.7","720","480","driving_01_s03"
"driving_01","2355","117.75","720","480","driving_01_s03"
"driving_01","2356","117.8","720","480","driving_01_s03"
"driving_01","2357","117.85","720","480","driving_01_s03"
"driving_01","2358","117.9","720","480","driving_01_s03"
"driving_01","2359","117.95","720","480","driving_01_s03"
"driving_01","2360","118","720","480","driving_01_s03"
"driving_01","2361","118.05","720","480","driving_01_s03"
"driving_01","2362","118.1","720","480","driving_01_s03"
"driving_01","2363","118.15","720","480","driving_01_s03"
"driving_01","2364","118.2","720","480","driving_01_s03"
"driving_01","2365","118.25","720","480","driving_01_s03"
"driving_01","2366","118.3","720","480","driving_01_s03"
"driving_01","2367","118.35","720","480","driving_01_s03"
"driving_01","2368","118.4","720","480","driving_01_s03"
"driving_01","2369","118.45","720","480","driving_01_s03"
"driving_01","2370","118.5","720","480","driving_01_s03"
"driving_01","2371","118.55","720","480","driving_01_s03"
"driving_01","2372","118.6","720","480","driving_01_s03"
"driving_01","2373","118.65","720","480","driving_01_s03"
"driving_01","2374","118.7","720","480","driving_01_s03"
"driving_01","2375","118.75","720","480","driving_01_s03"
"driving_01","2376","118.8","720","480","driving_01_s03"
"driving_01","2377","118.85","720","480","driving_01_s03"
"driving_01","2378","118.9","720","480","driving_01_s03"
"driving_01","2379","118.95","720","480","driving_01_s03"
"driving_01","2380","119","720","480","driving_01_s03"
"driving_01","2381","119.05","720","480","driving_01_s03"
"driving_01","2382","119.1","720","480","driving_01_s03"
"driving_01","2383","119.15","720","480","driving_01_s03"
"driving_01","2384","119.2","720","480","driving_01_s03"
"driving_01","2385","119.25","720","480","driving_01_s03"
"driving_01","2386","119.3","720","480","driving_01_s03"
"driving_01","2387","119.35","720","480","driving_01_s03"
"driving_01","2388","119.4","720","480","driving_01_s03"
"driving_01","2389","119.45","720","480","driving_01_s03"
"driving_01","2390","119.5","720","480","driving_01_s03"
"driving_01","2391","119.55","720","480","driving_01_s03"
"driving_01","2392","119.6","720","480","driving_01_s03"
"driving_01","2393","119.65","720","480","driving_01_s03"
"driving_01","2394","119.7","720","480","driving_01_s03"
"driving_01","2395","119.75","720","480","driving_01_s03"
"driving_01","2396","119.8","720","480","driving_01_s03"
"driving_01","2397","119.85","720","480","driving_01_s03"
"driving_01","2398","119.9","720","480","driving_01_s03"
"driving_01","2399","119.95","720","480","driving_01_s03"
"driving_01","2400","120","720","480","driving_01_s03"
"driving_01","2401","120.05","720","480","driving_01_s03"
"driving_01","2402","120.1","720","480","driving_01_s03"
"driving_01","2403","120.15","720","480","driving_01_s03"
"driving_01","2404","120.2","720","480","driving_01_s03"
"driving_01","2405","120.25","720","480","driving_01_s03"
"driving_01","2406","120.3","720","480","driving_01_s03"
"driving_01","2407","120.35","720","480","driving_01_s03"
"driving_01","2408","120.4","720","480","driving_01_s03"
"driving_01","2409","120.45","720","480","driving_01_s03"
"driving_01","2410","120.5","720","480","driving_01_s03"
"driving_01","2411","120.55","720","480","driving_01_s03"
"driving_01","2412","120.6","720","480","driving_01_s03"
"driving_01","2413","120.65","720","480","driving_01_s03"
"driving_01","2414","120.7","720","480","driving_01_s03"
"driving_01","2415","120.75","720","480","driving_01_s03"
"driving_01","2416","120.8","720","480","driving_01_s03"
"driving_01","2417","120.85","720","480","driving_01_s03"
"driving_01","2418","120.9","720","480","driving_01_s03"
"driving_01","2419","120.95","720","480","driving_01_s03"
"driving_01","2420","121","720","480","driving_01_s03"
"driving_01","2421","121.05","720","480","driving_01_s03"
"driving_01","2422","121.1","720","480","driving_01_s03"
"driving_01","2423","121.15","720","480","driving_01_s03"
"driving_01","2424","121.2","720","480","driving_01_s03"
"driving_01","2425","121.25","720","480","driving_01_s03"
"driving_01","2426","121.3","720","480","driving_01_s03"
"driving_01","2427","121.35","720","480","driving_01_s03"
"driving_01","2428","121.4","720","480","driving_01_s03"
"driving_01","2429","121.45","720","480","driving_01_s03"
"driving_01","2430","121.5","720","480","driving_01_s03"
"driving_01","2431","121.55","720","480","driving_01_s03"
"driving_01","2432","121.6","720","480","driving_01_s03"
"driving_01","2433","121.65","720","480","driving_01_s03"
"driving_01","2434","121.7","720","480","driving_01_s03"
"driving_01","2435","121.75","720","480","driving_01_s03"
"driving_01","2436","121.8","720","480","driving_01_s03"
"driving_01","2437","121.85","720","480","driving_01_s03"
"driving_01","2438","121.9","720","480","driving_01_s03"
"driving_01","2439","121.95","720","480","driving_01_s03"
"driving_01","2440","122","720","480","driving_01_s03"
"driving_01","2441","122.05","720","480","driving_01_s03"
"driving_01","2442","122.1","720","480","driving_01_s03"
"driving_01","2443","122.15","720","480","driving_01_s03"
"driving_01","2444","122.2","720","480","driving_01_s03"
"driving_01","2445","122.25","720","480","driving_01_s03"
"driving_01","2446","122.3","720","480","driving_01_s03"
"driving_01","2447","122.35","720","480","driving_01_s03"
"driving_01","2448","122.4","720","480","driving_01_s03"
"driving_01","2449","122.45","720","480","driving_01_s03"
"driving_01","2450","122.5","720","480","driving_01_s03"
"driving_01","2451","122.55","720","480","driving_01_s03"
"driving_01","2452","122.6","720","480","driving_01_s03"
"driving_01","2453","122.65","720","480","driving_01_s03"
"driving_01","2454","122.7","720","480","driving_01_s03"
"driving_01","2455","122.75","720","480","driving_01_s03"
"driving_01","2456","122.8","720","480","driving_01_s03"
"driving_01","2457","122.85","720","480","driving_01_s03"
"driving_01","2458","122.9","720","480","driving_01_s03"
"driving_01","2459","122.95","720","480","driving_01_s03"
"driving_01","2460","123","720","480","driving_01_s03"
"driving_01","2461","123.05","720","480","driving_01_s03"
"driving_01","2462","123.1","720","480","driving_01_s03"
"driving_01","2463","123.15","720","480","driving_01_s03"
"driving_01","2464","123.2","720","480","driving_01_s03"
"driving_01","2465","123.25","720","480","driving_01_s03"
"driving_01","2466","123.3","720","480","driving_01_s03"
"driving_01","2467","123.35","720","480","driving_01_s03"
"driving_01","2468","123.4","720","480","driving_01_s03"
"driving_01","2469","123.45","720","480","driving_01_s03"
"driving_01","2470","123.5","720","480","driving_01_s03"
"driving_01","2471","123.55","720","480","driving_01_s03"
"driving_01","2472","123.6","720","480","driving_01_s03"
"driving_01","2473","123.65","720","480","driving_01_s03"
"driving_01","2474","123.7","720","480","driving_01_s03"
"driving_01","2475","123.75","720","480","driving_01_s03"
"driving_01","2476","123.8","720","480","driving_01_s03"
"driving_01","2477","123.85","720","480","driving_01_s03"
"driving_01","2478","123.9","720","480","driving_01_s03"
"driving_01","2479","123.95","720","480","driving_01_s03"
"driving_01","2480","124","720","480","driving_01_s03"
"driving_01","2481","124.05","720","480","driving_01_s03"
"driving_01","2482","124.1","720","480","driving_01_s03"
"driving_01","2483","124.15","720","480","driving_01_s03"
"driving_01","2484","124.2","720","480","driving_01_s03"
"driving_01","2485","124.25","720","480","driving_01_s03"
"driving_01","2486","124.3","720","480","driving_01_s03"
"driving_01","2487","124.35","720","480","driving_01_s03"
"driving_01","2488","124.4","720","480","driving_01_s03"
"driving_01","2489","124.45","720","480","driving_01_s03"
"driving_01","2490","124.5","720","480","driving_01_s03"
"driving_01","2491","124.55","720","480","driving_01_s03"
"driving_01","2492","124.6","720","480","driving_01_s03"
"driving_01","2493","124.65","720","480","driving_01_s03"
"driving_01","2494","124.7","720","480","driving_01_s03"
"driving_01","2495","124.75","720","480","driving_01_s03"
"driving_01","2496","124.8","720","480","driving_01_s03"
"driving_01","2497","124.85","720","480","driving_01_s03"
"driving_01","2498","124.9","720","480","driving_01_s03"
"driving_01","2499","124.95","720","480","driving_01_s03"
"driving_01","2500","125","720","480","driving_01_s03"
"driving_01","2501","125.05","720","480","driving_01_s03"
"driving_01","2502","125.1","720","480","driving_01_s03"
"driving_01","2503","125.15","720","480","driving_01_s03"
"driving_01","2504","125.2","720","480","driving_01_s03"
"driving_01","2505","125.25","720","480","driving_01_s03"
"driving_01","2506","125.3","720","480","driving_01_s03"
"driving_01","2507","125.35","720","480","driving_01_s03"
"driving_01","2508","125.4","720","480","driving_01_s03"
"driving_01","2509","125.45","720","480","driving_01_s03"
"driving_01","2510","125.5","720","480","driving_01_s03"
"driving_01","2511","125.55","720","480","driving_01_s03"
"driving_01","2512","125.6","720","480","driving_01_s03"
"driving_01","2513","125.65","720","480","driving_01_s03"
"driving_01","2514","125.7","720","480","driving_01_s03"
"driving_01","2515","125.75","720","480","driving_01_s03"
"driving_01","2516","125.8","720","480","driving_01_s03"
"driving_01","2517","125.85","720","480","driving_01_s03"
"driving_01","2518","125.9","720","480","driving_01_s03"
"driving_01","2519","125.95","720","480","driving_01_s03"
"driving_01","2520","126","720","480","driving_01_s03"
"driving_01","2521","126.05","720","480","driving_01_s03"
"driving_01","2522","126.1","720","480","driving_01_s03"
"driving_01","2523","126.15","720","480","driving_01_s03"
"driving_01","2524","126.2","720","480","driving_01_s03"
"driving_01","2525","126.25","720","480","driving_01_s03"
"driving_01","2526","126.3","720","480","driving_01_s03"
"driving_01","2527","126.35","720","480","driving_01_s03"
"driving_01","2528","126.4","720","480","driving_01_s03"
"driving_01","2529","126.45","720","480","driving_01_s03"
"driving_01","2530","126.5","720","480","driving_01_s03"
"driving_01","2531","126.55","720","480","driving_01_s03"
"driving_01","2532","126.6","720","480","driving_01_s03"
"driving_01","2533","126.65","720","480","driving_01_s03"
"driving_01","2534","126.7","720","480","driving_01_s03"
"driving_01","2535","126.75","720","480","driving_01_s03"
"driving_01","2536","126.8","720","480","driving_01_s03"
"driving_01","2537","126.85","720","480","driving_01_s03"
"driving_01","2538","126.9","720","480","driving_01_s03"
"driving_01","2539","126.95","720","480","driving_01_s03"
"driving_01","2540","127","720","480","driving_01_s03"
"driving_01","2541","127.05","720","480","driving_01_s03"
"driving_01","2542","127.1","720","480","driving_01_s03"
"driving_01","2543","127.15","720","480","driving_01_s03"
"driving_01","2544","127.2","720","480","driving_01_s03"
"driving_01","2545","127.25","720","480","driving_01_s03"
"driving_01","2546","127.3","720","480","driving_01_s03"
"driving_01","2547","127.35","720","480","driving_01_s03"
"driving_01","2548","127.4","720","480","driving_01_s03"
"driving_01","2549","127.45","720","480","driving_01_s03"
"driving_01","2550","127.5","720","480","driving_01_s03"
"driving_01","2551","127.55","720","480","driving_01_s03"
"driving_01","2552","127.6","720","480","driving_01_s03"
"driving_01","2553","127.65","720","480","driving_01_s03"
"driving_01","2554","127.7","720","480","driving_01_s03"
"driving_01","2555","127.75","720","480","driving_01_s03"
"driving_01","2556","127.8","720","480","driving_01_s03"
"driving_01","2557","127.85","720","480","driving_01_s03"
"driving_01","2558","127.9","720","480","driving_01_s03"
"driving_01","2559","127.95","720","480","driving_01_s03"
"driving_01","2560","128","720","480","driving_01_s03"
"driving_01","2561","128.05","720","480","driving_01_s03"
"driving_01","2562","128.1","720","480","driving_01_s03"
"driving_01","2563","128.15","720","480","driving_01_s03"
"driving_01","2564","128.2","720","480","driving_01_s03"
"driving_01","2565","128.25","720","480","driving_01_s03"
"driving_01","2566","128.3","720","480","driving_01_s03"
"driving_01","2567","128.35","720","480","driving_01_s03"
"driving_01","2568","128.4","720","480","driving_01_s03"
"driving_01","2569","128.45","720","480","driving_01_s03"
"driving_01","2570","128.5","720","480","driving_01_s03"
"driving_01","2571","128.55","720","480","driving_01_s03"
"driving_01","2572","128.6","720","480","driving_01_s03"
"driving_01","2573","128.65","720","480","driving_01_s03"
"driving_01","2574","128.7","720","480","driving_01_s03"
"driving_01","2575","128.75","720","480","driving_01_s03"
"driving_01","2576","128.8","720","480","driving_01_s03"
"driving_01","2577","128.85","720","480","driving_01_s03"
"driving_01","2578","128.9","720","480","driving_01_s03"
"driving_01","2579","128.95","720","480","driving_01_s03"
"driving_01","2580","129","720","480","driving_01_s03"
"driving_01","2581","129.05","720","480","driving_01_s03"
"driving_01","2582","129.1","720","480","driving_01_s03"
"driving_01","2583","129.15","720","480","driving_01_s03"
"driving_01","2584","129.2","720","480","driving_01_s03"
"driving_01","2585","129.25","720","480","driving_01_s03"
"driving_01","2586","129.3","720","480","driving_01_s03"
"driving_01","2587","129.35","720","480","driving_01_s03"
"driving_01","2588","129.4","720","480","driving_01_s03"
"driving_01","2589","129.45","720","480","driving_01_s03"
"driving_01","2590","129.5","720","480","driving_01_s03"
"driving_01","2591","129.55","720","480","driving_01_s03"
"driving_01","2592","129.6","720","480","driving_01_s03"
"driving_01","2593","129.65","720","480","driving_01_s03"
"driving_01","2594","129.7","720","480","driving_01_s03"
"driving_01","2595","129.75","720","480","driving_01_s03"
"driving_01","2596","129.8","720","480","driving_01_s03"
"driving_01","2597","129.85","720","480","driving_01_s03"
"driving_01","2598","129.9","720","480","driving_01_s03"
"driving_01","2599","129.95","720","480","driving_01_s03"
"driving_01","2600","130","720","480","driving_01_s03"
"driving_01","2601","130.05","720","480","driving_01_s03"
"driving_01","2602","130.1","720","480","driving_01_s03"
"driving_01","2603","130.15","720","480","driving_01_s03"
"driving_01","2604","130.2","720","480","driving_01_s03"
"driving_01","2605","130.25","720","480","driving_01_s03"
"driving_01","2606","130.3","720","480","driving_01_s03"
"driving_01","2607","130.35","720","480","driving_01_s03"
"driving_01","2608","130.4","720","480","driving_01_s03"
"driving_01","2609","130.45","720","480","driving_01_s03"
"driving_01","2610","130.5","720","480","driving_01_s03"
"driving_01","2611","130.55","720","480","driving_01_s03"
"driving_01","2612","130.6","720","480","driving_01_s03"
"driving_01","2613","130.65","720","480","driving_01_s03"
"driving_01","2614","130.7","720","480","driving_01_s03"
"driving_01","2615","130.75","720","480","driving_01_s03"
"driving_01","2616","130.8","720","480","driving_01_s03"
"driving_01","2617","130.85","720","480","driving_01_s03"
"driving_01","2618","130.9","720","480","driving_01_s03"
"driving_01","2619","130.95","720","480","driving_01_s03"
"driving_01","2620","131","720","480","driving_01_s03"
"driving_01","2621","131.05","720","480","driving_01_s03"
"driving_01","2622","131.1","720","480","driving_01_s03"
"driving_01","2623","131.15","720","480","driving_01_s03"
"driving_01","2624","131.2","720","480","driving_01_s03"
"driving_01","2625","131.25","720","480","driving_01_s03"
"driving_01","2626","131.3","720","480","driving_01_s03"
"driving_01","2627","131.35","720","480","driving_01_s03"
"driving_01","2628","131.4","720","480","driving_01_s03"
"driving_01","2629","131.45","720","480","driving_01_s03"
"driving_01","2630","131.5","720","480","driving_01_s03"
"driving_01","2631","131.55","720","480","driving_01_s03"
"driving_01","2632","131.6","720","480","driving_01_s03"
"driving_01","2633","131.65","720","480","driving_01_s03"
"driving_01","2634","131.7","720","480","driving_01_s03"
"driving_01","2635","131.75","720","480","driving_01_s03"
"driving_01","2636","131.8","720","480","driving_01_s03"
"driving_01","2637","131.85","720","480","driving_01_s03"
"driving_01","2638","131.9","720","480","driving_01_s03"
"driving_01","2639","131.95","720","480","driving_01_s03"
"driving_01","2640","132","720","480","driving_01_s03"
"driving_01","2641","132.05","720","480","driving_01_s03"
"driving_01","2642","132.1","720","480","driving_01_s03"
"driving_01","2643","132.15","720","480","driving_01_s03"
"driving_01","2644","132.2","720","480","driving_01_s03"
"driving_01","2645","132.25","720","480","driving_01_s03"
"driving_01","2646","132.3","720","480","driving_01_s03"
"driving_01","2647","132.35","720","480","driving_01_s03"
"driving_01","2648","132.4","720","480","driving_01_s03"
"driving_01","2649","132.45","720","480","driving_01_s03"
"driving_01","2650","132.5","720","480","driving_01_s03"
"driving_01","2651","132.55","720","480","driving_01_s03"
"driving_01","2652","132.6","720","480","driving_01_s03"
"driving_01","2653","132.65","720","480","driving_01_s03"
"driving_01","2654","132.7","720","480","driving_01_s03"
"driving_01","2655","132.75","720","480","driving_01_s03"
"driving_01","2656","132.8","720","480","driving_01_s03"
"driving_01","2657","132.85","720","480","driving_01_s03"
"driving_01","2658","132.9","720","480","driving_01_s03"
"driving_01","2659","132.95","720","480","driving_01_s03"
"driving_01","2660","133","720","480","driving_01_s03"
"driving_01","2661","133.05","720","480","driving_01_s03"
"driving_01","2662","133.1","720","480","driving_01_s03"
"driving_01","2663","133.15","720","480","driving_01_s03"
"driving_01","2664","133.2","720","480","driving_01_s03"
"driving_01","2665","133.25","720","480","driving_01_s03"
"driving_01","2666","133.3","720","480","driving_01_s04"
"driving_01","2667","133.35","720","480","driving_01_s04"
"driving_01","2668","133.4","720","480","driving_01_s04"
"driving_01","2669","133.45","720","480","driving_01_s04"
"driving_01","2670","133.5","720","480","driving_01_s04"
"driving_01","2671","133.55","720","480","driving_01_s04"
"driving_01","2672","133.6","720","480","driving_01_s04"
"driving_01","2673","133.65","720","480","driving_01_s04"
"driving_01","2674","133.7","720","480","driving_01_s04"
"driving_01","2675","133.75","720","480","driving_01_s04"
"driving_01","2676","133.8","720","480","driving_01_s04"
"driving_01","2677","133.85","720","480","driving_01_s04"
"driving_01","2678","133.9","720","480","driving_01_s04"
"driving_01","2679","133.95","720","480","driving_01_s04"
"driving_01","2680","134","720","480","driving_01_s04"
"driving_01","2681","134.05","720","480","driving_01_s04"
"driving_01","2682","134.1","720","480","driving_01_s04"
"driving_01","2683","134.15","720","480","driving_01_s04"
"driving_01","2684","134.2","720","480","driving_01_s04"
"driving_01","2685","134.25","720","480","driving_01_s04"
"driving_01","2686","134.3","720","480","driving_01_s04"
"driving_01","2687","134.35","720","480","driving_01_s04"
"driving_01","2688","134.4","720","480","driving_01_s04"
"driving_01","2689","134.45","720","480","driving_01_s04"
"driving_01","2690","134.5","720","480","driving_01_s04"
"driving_01","2691","134.55","720","480","driving_01_s04"
"driving_01","2692","134.6","720","480","driving_01_s04"
"driving_01","2693","134.65","720","480","driving_01_s04"
"driving_01","2694","134.7","720","480","driving_01_s04"
"driving_01","2695","134.75","720","480","driving_01_s04"
"driving_01","2696","134.8","720","480","driving_01_s04"
"driving_01","2697","134.85","720","480","driving_01_s04"
"driving_01","2698","134.9","720","480","driving_01_s04"
"driving_01","2699","134.95","720","480","driving_01_s04"
"driving_01","2700","135","720","480","driving_01_s04"
"driving_01","2701","135.05","720","480","driving_01_s04"
"driving_01","2702","135.1","720","480","driving_01_s04"
"driving_01","2703","135.15","720","480","driving_01_s04"
"driving_01","2704","135.2","720","480","driving_01_s04"
"driving_01","2705","135.25","720","480","driving_01_s04"
"driving_01","2706","135.3","720","480","driving_01_s04"
"driving_01","2707","135.35","720","480","driving_01_s04"
"driving_01","2708","135.4","720","480","driving_01_s04"
"driving_01","2709","135.45","720","480","driving_01_s04"
"driving_01","2710","135.5","720","480","driving_01_s04"
"driving_01","2711","135.55","720","480","driving_01_s04"
"driving_01","2712","135.6","720","480","driving_01_s04"
"driving_01","2713","135.65","720","480","driving_01_s04"
"driving_01","2714","135.7","720","480","driving_01_s04"
"driving_01","2715","135.75","720","480","driving_01_s04"
"driving_01","2716","135.8","720","480","driving_01_s04"
"driving_01","2717","135.85","720","480","driving_01_s04"
"driving_01","2718","135.9","720","480","driving_01_s04"
"driving_01","2719","135.95","720","480","driving_01_s04"
"driving_01","2720","136","720","480","driving_01_s04"
"driving_01","2721","136.05","720","480","driving_01_s04"
"driving_01","2722","136.1","720","480","driving_01_s04"
"driving_01","2723","136.15","720","480","driving_01_s04"
"driving_01","2724","136.2","720","480","driving_01_s04"
"driving_01","2725","136.25","720","480","driving_01_s04"
"driving_01","2726","136.3","720","480","driving_01_s04"
"driving_01","2727","136.35","720","480","driving_01_s04"
"driving_01","2728","136.4","720","480","driving_01_s04"
"driving_01","2729","136.45","720","480","driving_01_s04"
"driving_01","2730","136.5","720","480","driving_01_s04"
"driving_01","2731","136.55","720","480","driving_01_s04"
"driving_01","2732","136.6","720","480","driving_01_s04"
"driving_01","2733","136.65","720","480","driving_01_s04"
"driving_01","2734","136.7","720","480","driving_01_s04"
"driving_01","2735","136.75","720","480","driving_01_s04"
"driving_01","2736","136.8","720","480","driving_01_s04"
"driving_01","2737","136.85","720","480","driving_01_s04"
"driving_01","2738","136.9","720","480","driving_01_s04"
"driving_01","2739","136.95","720","480","driving_01_s04"
"driving_01","2740","137","720","480","driving_01_s04"
"driving_01","2741","137.05","720","480","driving_01_s04"
"driving_01","2742","137.1","720","480","driving_01_s04"
"driving_01","2743","137.15","720","480","driving_01_s04"
"driving_01","2744","137.2","720","480","driving_01_s04"
"driving_01","2745","137.25","720","480","driving_01_s04"
"driving_01","2746","137.3","720","480","driving_01_s04"
"driving_01","2747","137.35","720","480","driving_01_s04"
"driving_01","2748","137.4","720","480","driving_01_s04"
"driving_01","2749","137.45","720","480","driving_01_s04"
"driving_01","2750","137.5","720","480","driving_01_s04"
"driving_01","2751","137.55","720","480","driving_01_s04"
"driving_01","2752","137.6","720","480","driving_01_s04"
"driving_01","2753","137.65","720","480","driving_01_s04"
"driving_01","2754","137.7","720","480","driving_01_s04"
"driving_01","2755","137.75","720","480","driving_01_s04"
"driving_01","2756","137.8","720","480","driving_01_s04"
"driving_01","2757","137.85","720","480","driving_01_s04"
"driving_01","2758","137.9","720","480","driving_01_s04"
"driving_01","2759","137.95","720","480","driving_01_s04"
"driving_01","2760","138","720","480","driving_01_s04"
"driving_01","2761","138.05","720","480","driving_01_s04"
"driving_01","2762","138.1","720","480","driving_01_s04"
"driving_01","2763","138.15","720","480","driving_01_s04"
"driving_01","2764","138.2","720","480","driving_01_s04"
"driving_01","2765","138.25","720","480","driving_01_s04"
"driving_01","2766","138.3","720","480","driving_01_s04"
"driving_01","2767","138.35","720","480","driving_01_s04"
"driving_01","2768","138.4","720","480","driving_01_s04"
"driving_01","2769","138.45","720","480","driving_01_s04"
"driving_01","2770","138.5","720","480","driving_01_s04"
"driving_01","2771","138.55","720","480","driving_01_s04"
"driving_01","2772","138.6","720","480","driving_01_s04"
"driving_01","2773","138.65","720","480","driving_01_s04"
"driving_01","2774","138.7","720","480","driving_01_s04"
"driving_01","2775","138.75","720","480","driving_01_s04"
"driving_01","2776","138.8","720","480","driving_01_s04"
"driving_01","2777","138.85","720","480","driving_01_s04"
"driving_01","2778","138.9","720","480","driving_01_s04"
"driving_01","2779","138.95","720","480","driving_01_s04"
"driving_01","2780","139","720","480","driving_01_s04"
"driving_01","2781","139.05","720","480","driving_01_s04"
"driving_01","2782","139.1","720","480","driving_01_s04"
"driving_01","2783","139.15","720","480","driving_01_s04"
"driving_01","2784","139.2","720","480","driving_01_s04"
"driving_01","2785","139.25","720","480","driving_01_s04"
"driving_01","2786","139.3","720","480","driving_01_s04"
"driving_01","2787","139.35","720","480","driving_01_s04"
"driving_01","2788","139.4","720","480","driving_01_s04"
"driving_01","2789","139.45","720","480","driving_01_s04"
"driving_01","2790","139.5","720","480","driving_01_s04"
"driving_01","2791","139.55","720","480","driving_01_s04"
"driving_01","2792","139.6","720","480","driving_01_s04"
"driving_01","2793","139.65","720","480","driving_01_s04"
"driving_01","2794","139.7","720","480","driving_01_s04"
"driving_01","2795","139.75","720","480","driving_01_s04"
"driving_01","2796","139.8","720","480","driving_01_s04"
"driving_01","2797","139.85","720","480","driving_01_s04"
"driving_01","2798","139.9","720","480","driving_01_s04"
"driving_01","2799","139.95","720","480","driving_01_s04"
"driving_01","2800","140","720","480","driving_01_s04"
"driving_01","2801","140.05","720","480","driving_01_s04"
"driving_01","2802","140.1","720","480","driving_01_s04"
"driving_01","2803","140.15","720","480","driving_01_s04"
"driving_01","2804","140.2","720","480","driving_01_s04"
"driving_01","2805","140.25","720","480","driving_01_s04"
"driving_01","2806","140.3","720","480","driving_01_s04"
"driving_01","2807","140.35","720","480","driving_01_s04"
"driving_01","2808","140.4","720","480","driving_01_s04"
"driving_01","2809","140.45","720","480","driving_01_s04"
"driving_01","2810","140.5","720","480","driving_01_s04"
"driving_01","2811","140.55","720","480","driving_01_s04"
"driving_01","2812","140.6","720","480","driving_01_s04"
"driving_01","2813","140.65","720","480","driving_01_s04"
"driving_01","2814","140.7","720","480","driving_01_s04"
"driving_01","2815","140.75","720","480","driving_01_s04"
"driving_01","2816","140.8","720","480","driving_01_s04"
"driving_01","2817","140.85","720","480","driving_01_s04"
"driving_01","2818","140.9","720","480","driving_01_s04"
"driving_01","2819","140.95","720","480","driving_01_s04"
"driving_01","2820","141","720","480","driving_01_s04"
"driving_01","2821","141.05","720","480","driving_01_s04"
"driving_01","2822","141.1","720","480","driving_01_s04"
"driving_01","2823","141.15","720","480","driving_01_s04"
"driving_01","2824","141.2","720","480","driving_01_s04"
"driving_01","2825","141.25","720","480","driving_01_s04"
"driving_01","2826","141.3","720","480","driving_01_s04"
"driving_01","2827","141.35","720","480","driving_01_s04"
"driving_01","2828","141.4","720","480","driving_01_s04"
"driving_01","2829","141.45","720","480","driving_01_s04"
"driving_01","2830","141.5","720","480","driving_01_s04"
"driving_01","2831","141.55","720","480","driving_01_s04"
"driving_01","2832","141.6","720","480","driving_01_s04"
"driving_01","2833","141.65","720","480","driving_01_s04"
"driving_01","2834","141.7","720","480","driving_01_s04"
"driving_01","2835","141.75","720","480","driving_01_s04"
"driving_01","2836","141.8","720","480","driving_01_s04"
"driving_01","2837","141.85","720","480","driving_01_s04"
"driving_01","2838","141.9","720","480","driving_01_s04"
"driving_01","2839","141.95","720","480","driving_01_s04"
"driving_01","2840","142","720","480","driving_01_s04"
"driving_01","2841","142.05","720","480","driving_01_s04"
"driving_01","2842","142.1","720","480","driving_01_s04"
"driving_01","2843","142.15","720","480","driving_01_s04"
"driving_01","2844","142.2","720","480","driving_01_s04"
"driving_01","2845","142.25","720","480","driving_01_s04"
"driving_01","2846","142.3","720","480","driving_01_s04"
"driving_01","2847","142.35","720","480","driving_01_s04"
"driving_01","2848","142.4","720","480","driving_01_s04"
"driving_01","2849","142.45","720","480","driving_01_s04"
"driving_01","2850","142.5","720","480","driving_01_s04"
"driving_01","2851","142.55","720","480","driving_01_s04"
"driving_01","2852","142.6","720","480","driving_01_s04"
"driving_01","2853","142.65","720","480","driving_01_s04"
"driving_01","2854","142.7","720","480","driving_01_s04"
"driving_01","2855","142.75","720","480","driving_01_s04"
"driving_01","2856","142.8","720","480","driving_01_s04"
"driving_01","2857","142.85","720","480","driving_01_s04"
"driving_01","2858","142.9","720","480","driving_01_s04"
"driving_01","2859","142.95","720","480","driving_01_s04"
"driving_01","2860","143","720","480","driving_01_s04"
"driving_01","2861","143.05","720","480","driving_01_s04"
"driving_01","2862","143.1","720","480","driving_01_s04"
"driving_01","2863","143.15","720","480","driving_01_s04"
"driving_01","2864","143.2","720","480","driving_01_s04"
"driving_01","2865","143.25","720","480","driving_01_s04"
"driving_01","2866","143.3","720","480","driving_01_s04"
"driving_01","2867","143.35","720","480","driving_01_s04"
"driving_01","2868","143.4","720","480","driving_01_s04"
"driving_01","2869","143.45","720","480","driving_01_s04"
"driving_01","2870","143.5","720","480","driving_01_s04"
"driving_01","2871","143.55","720","480","driving_01_s04"
"driving_01","2872","143.6","720","480","driving_01_s04"
"driving_01","2873","143.65","720","480","driving_01_s04"
"driving_01","2874","143.7","720","480","driving_01_s04"
"driving_01","2875","143.75","720","480","driving_01_s04"
"driving_01","2876","143.8","720","480","driving_01_s04"
"driving_01","2877","143.85","720","480","driving_01_s04"
"driving_01","2878","143.9","720","480","driving_01_s04"
"driving_01","2879","143.95","720","480","driving_01_s04"
"driving_01","2880","144","720","480","driving_01_s04"
"driving_01","2881","144.05","720","480","driving_01_s04"
"driving_01","2882","144.1","720","480","driving_01_s04"
"driving_01","2883","144.15","720","480","driving_01_s04"
"driving_01","2884","144.2","720","480","driving_01_s04"
"driving_01","2885","144.25","720","480","driving_01_s04"
"driving_01","2886","144.3","720","480","driving_01_s04"
"driving_01","2887","144.35","720","480","driving_01_s04"
"driving_01","2888","144.4","720","480","driving_01_s04"
"driving_01","2889","144.45","720","480","driving_01_s04"
"driving_01","2890","144.5","720","480","driving_01_s04"
"driving_01","2891","144.55","720","480","driving_01_s04"
"driving_01","2892","144.6","720","480","driving_01_s04"
"driving_01","2893","144.65","720","480","driving_01_s04"
"driving_01","2894","144.7","720","480","driving_01_s04"
"driving_01","2895","144.75","720","480","driving_01_s04"
"driving_01","2896","144.8","720","480","driving_01_s04"
"driving_01","2897","144.85","720","480","driving_01_s04"
"driving_01","2898","144.9","720","480","driving_01_s04"
"driving_01","2899","144.95","720","480","driving_01_s04"
"driving_01","2900","145","720","480","driving_01_s04"
"driving_01","2901","145.05","720","480","driving_01_s04"
"driving_01","2902","145.1","720","480","driving_01_s04"
"driving_01","2903","145.15","720","480","driving_01_s04"
"driving_01","2904","145.2","720","480","driving_01_s04"
"driving_01","2905","145.25","720","480","driving_01_s04"
"driving_01","2906","145.3","720","480","driving_01_s04"
"driving_01","2907","145.35","720","480","driving_01_s04"
"driving_01","2908","145.4","720","480","driving_01_s04"
"driving_01","2909","145.45","720","480","driving_01_s04"
"driving_01","2910","145.5","720","480","driving_01_s04"
"driving_01","2911","145.55","720","480","driving_01_s04"
"driving_01","2912","145.6","720","480","driving_01_s04"
"driving_01","2913","145.65","720","480","driving_01_s04"
"driving_01","2914","145.7","720","480","driving_01_s04"
"driving_01","2915","145.75","720","480","driving_01_s04"
"driving_01","2916","145.8","720","480","driving_01_s04"
"driving_01","2917","145.85","720","480","driving_01_s04"
"driving_01","2918","145.9","720","480","driving_01_s04"
"driving_01","2919","145.95","720","480","driving_01_s04"
"driving_01","2920","146","720","480","driving_01_s04"
"driving_01","2921","146.05","720","480","driving_01_s04"
"driving_01","2922","146.1","720","480","driving_01_s04"
"driving_01","2923","146.15","720","480","driving_01_s04"
"driving_01","2924","146.2","720","480","driving_01_s04"
"driving_01","2925","146.25","720","480","driving_01_s04"
"driving_01","2926","146.3","720","480","driving_01_s04"
"driving_01","2927","146.35","720","480","driving_01_s04"
"driving_01","2928","146.4","720","480","driving_01_s04"
"driving_01","2929","146.45","720","480","driving_01_s04"
"driving_01","2930","146.5","720","480","driving_01_s04"
"driving_01","2931","146.55","720","480","driving_01_s04"
"driving_01","2932","146.6","720","480","driving_01_s04"
"driving_01","2933","146.65","720","480","driving_01_s04"
"driving_01","2934","146.7","720","480","driving_01_s04"
"driving_01","2935","146.75","720","480","driving_01_s04"
"driving_01","2936","146.8","720","480","driving_01_s04"
"driving_01","2937","146.85","720","480","driving_01_s04"
"driving_01","2938","146.9","720","480","driving_01_s04"
"driving_01","2939","146.95","720","480","driving_01_s04"
"driving_01","2940","147","720","480","driving_01_s04"
"driving_01","2941","147.05","720","480","driving_01_s04"
"driving_01","2942","147.1","720","480","driving_01_s04"
"driving_01","2943","147.15","720","480","driving_01_s04"
"driving_01","2944","147.2","720","480","driving_01_s04"
"driving_01","2945","147.25","720","480","driving_01_s04"
"driving_01","2946","147.3","720","480","driving_01_s04"
"driving_01","2947","147.35","720","480","driving_01_s04"
"driving_01","2948","147.4","720","480","driving_01_s04"
"driving_01","2949","147.45","720","480","driving_01_s04"
"driving_01","2950","147.5","720","480","driving_01_s04"
"driving_01","2951","147.55","720","480","driving_01_s04"
"driving_01","2952","147.6","720","480","driving_01_s04"
"driving_01","2953","147.65","720","480","driving_01_s04"
"driving_01","2954","147.7","720","480","driving_01_s04"
"driving_01","2955","147.75","720","480","driving_01_s04"
"driving_01","2956","147.8","720","480","driving_01_s04"
"driving_01","2957","147.85","720","480","driving_01_s04"
"driving_01","2958","147.9","720","480","driving_01_s04"
"driving_01","2959","147.95","720","480","driving_01_s04"
"driving_01","2960","148","720","480","driving_01_s04"
"driving_01","2961","148.05","720","480","driving_01_s04"
"driving_01","2962","148.1","720","480","driving_01_s04"
"driving_01","2963","148.15","720","480","driving_01_s04"
"driving_01","2964","148.2","720","480","driving_01_s04"
"driving_01","2965","148.25","720","480","driving_01_s04"
"driving_01","2966","148.3","720","480","driving_01_s04"
"driving_01","2967","148.35","720","480","driving_01_s04"
"driving_01","2968","148.4","720","480","driving_01_s04"
"driving_01","2969","148.45","720","480","driving_01_s04"
"driving_01","2970","148.5","720","480","driving_01_s04"
"driving_01","2971","148.55","720","480","driving_01_s04"
"driving_01","2972","148.6","720","480","driving_01_s04"
"driving_01","2973","148.65","720","480","driving_01_s04"
"driving_01","2974","148.7","720","480","driving_01_s04"
"driving_01","2975","148.75","720","480","driving_01_s04"
"driving_01","2976","148.8","720","480","driving_01_s04"
"driving_01","2977","148.85","720","480","driving_01_s04"
"driving_01","2978","148.9","720","480","driving_01_s04"
"driving_01","2979","148.95","720","480","driving_01_s04"
"driving_01","2980","149","720","480","driving_01_s04"
"driving_01","2981","149.05","720","480","driving_01_s04"
"driving_01","2982","149.1","720","480","driving_01_s04"
"driving_01","2983","149.15","720","480","driving_01_s04"
"driving_01","2984","149.2","720","480","driving_01_s04"
"driving_01","2985","149.25","720","480","driving_01_s04"
"driving_01","2986","149.3","720","480","driving_01_s04"
"driving_01","2987","149.35","720","480","driving_01_s04"
"driving_01","2988","149.4","720","480","driving_01_s04"
"driving_01","2989","149.45","720","480","driving_01_s04"
"driving_01","2990","149.5","720","480","driving_01_s04"
"driving_01","2991","149.55","720","480","driving_01_s04"
"driving_01","2992","149.6","720","480","driving_01_s04"
"driving_01","2993","149.65","720","480","driving_01_s04"
"driving_01","2994","149.7","720","480","driving_01_s04"
"driving_01","2995","149.75","720","480","driving_01_s04"
"driving_01","2996","149.8","720","480","driving_01_s04"
"driving_01","2997","149.85","720","480","driving_01_s04"
"driving_01","2998","149.9","720","480","driving_01_s04"
"driving_01","2999","149.95","720","480","driving_01_s04"
"driving_01","3000","150","720","480","driving_01_s04"
"driving_01","3001","150.05","720","480","driving_01_s04"
"driving_01","3002","150.1","720","480","driving_01_s04"
"driving_01","3003","150.15","720","480","driving_01_s04"
"driving_01","3004","150.2","720","480","driving_01_s04"
"driving_01","3005","150.25","720","480","driving_01_s04"
"driving_01","3006","150.3","720","480","driving_01_s04"
"driving_01","3007","150.35","720","480","driving_01_s04"
"driving_01","3008","150.4","720","480","driving_01_s04"
"driving_01","3009","150.45","720","480","driving_01_s04"
"driving_01","3010","150.5","720","480","driving_01_s04"
"driving_01","3011","150.55","720","480","driving_01_s04"
"driving_01","3012","150.6","720","480","driving_01_s04"
"driving_01","3013","150.65","720","480","driving_01_s04"
"driving_01","3014","150.7","720","480","driving_01_s04"
"driving_01","3015","150.75","720","480","driving_01_s04"
"driving_01","3016","150.8","720","480","driving_01_s04"
"driving_01","3017","150.85","720","480","driving_01_s04"
"driving_01","3018","150.9","720","480","driving_01_s04"
"driving_01","3019","150.95","720","480","driving_01_s04"
"driving_01","3020","151","720","480","driving_01_s04"
"driving_01","3021","151.05","720","480","driving_01_s04"
"driving_01","3022","151.1","720","480","driving_01_s04"
"driving_01","3023","151.15","720","480","driving_01_s04"
"driving_01","3024","151.2","720","480","driving_01_s04"
"driving_01","3025","151.25","720","480","driving_01_s04"
"driving_01","3026","151.3","720","480","driving_01_s04"
"driving_01","3027","151.35","720","480","driving_01_s04"
"driving_01","3028","151.4","720","480","driving_01_s04"
"driving_01","3029","151.45","720","480","driving_01_s04"
"driving_01","3030","151.5","720","480","driving_01_s04"
"driving_01","3031","151.55","720","480","driving_01_s04"
"driving_01","3032","151.6","720","480","driving_01_s04"
"driving_01","3033","151.65","720","480","driving_01_s04"
"driving_01","3034","151.7","720","480","driving_01_s04"
"driving_01","3035","151.75","720","480","driving_01_s04"
"driving_01","3036","151.8","720","480","driving_01_s04"
"driving_01","3037","151.85","720","480","driving_01_s04"
"driving_01","3038","151.9","720","480","driving_01_s04"
"driving_01","3039","151.95","720","480","driving_01_s04"
"driving_01","3040","152","720","480","driving_01_s04"
"driving_01","3041","152.05","720","480","driving_01_s04"
"driving_01","3042","152.1","720","480","driving_01_s04"
"driving_01","3043","152.15","720","480","driving_01_s04"
"driving_01","3044","152.2","720","480","driving_01_s04"
"driving_01","3045","152.25","720","480","driving_01_s04"
"driving_01","3046","152.3","720","480","driving_01_s04"
"driving_01","3047","152.35","720","480","driving_01_s04"
"driving_01","3048","152.4","720","480","driving_01_s04"
"driving_01","3049","152.45","720","480","driving_01_s04"
"driving_01","3050","152.5","720","480","driving_01_s04"
"driving_01","3051","152.55","720","480","driving_01_s04"
"driving_01","3052","152.6","720","480","driving_01_s04"
"driving_01","3053","152.65","720","480","driving_01_s04"
"driving_01","3054","152.7","720","480","driving_01_s04"
"driving_01","3055","152.75","720","480","driving_01_s04"
"driving_01","3056","152.8","720","480","driving_01_s04"
"driving_01","3057","152.85","720","480","driving_01_s04"
"driving_01","3058","152.9","720","480","driving_01_s04"
"driving_01","3059","152.95","720","480","driving_01_s04"
"driving_01","3060","153","720","480","driving_01_s04"
"driving_01","3061","153.05","720","480","driving_01_s04"
"driving_01","3062","153.1","720","480","driving_01_s04"
"driving_01","3063","153.15","720","480","driving_01_s04"
"driving_01","3064","153.2","720","480","driving_01_s04"
"driving_01","3065","153.25","720","480","driving_01_s04"
"driving_01","3066","153.3","720","480","driving_01_s04"
"driving_01","3067","153.35","720","480","driving_01_s04"
"driving_01","3068","153.4","720","480","driving_01_s04"
"driving_01","3069","153.45","720","480","driving_01_s04"
"driving_01","3070","153.5","720","480","driving_01_s04"
"driving_01","3071","153.55","720","480","driving_01_s04"
"driving_01","3072","153.6","720","480","driving_01_s04"
"driving_01","3073","153.65","720","480","driving_01_s04"
"driving_01","3074","153.7","720","480","driving_01_s04"
"driving_01","3075","153.75","720","480","driving_01_s04"
"driving_01","3076","153.8","720","480","driving_01_s04"
"driving_01","3077","153.85","720","480","driving_01_s04"
"driving_01","3078","153.9","720","480","driving_01_s04"
"driving_01","3079","153.95","720","480","driving_01_s04"
"driving_01","3080","154","720","480","driving_01_s04"
"driving_01","3081","154.05","720","480","driving_01_s04"
"driving_01","3082","154.1","720","480","driving_01_s04"
"driving_01","3083","154.15","720","480","driving_01_s04"
"driving_01","3084","154.2","720","480","driving_01_s04"
"driving_01","3085","154.25","720","480","driving_01_s04"
"driving_01","3086","154.3","720","480","driving_01_s04"
"driving_01","3087","154.35","720","480","driving_01_s04"
"driving_01","3088","154.4","720","480","driving_01_s04"
"driving_01","3089","154.45","720","480","driving_01_s04"
"driving_01","3090","154.5","720","480","driving_01_s04"
"driving_01","3091","154.55","720","480","driving_01_s04"
"driving_01","3092","154.6","720","480","driving_01_s04"
"driving_01","3093","154.65","720","480","driving_01_s04"
"driving_01","3094","154.7","720","480","driving_01_s04"
"driving_01","3095","154.75","720","480","driving_01_s04"
"driving_01","3096","154.8","720","480","driving_01_s04"
"driving_01","3097","154.85","720","480","driving_01_s04"
"driving_01","3098","154.9","720","480","driving_01_s04"
"driving_01","3099","154.95","720","480","driving_01_s04"
"driving_01","3100","155","720","480","driving_01_s04"
"driving_01","3101","155.05","720","480","driving_01_s04"
"driving_01","3102","155.1","720","480","driving_01_s04"
"driving_01","3103","155.15","720","480","driving_01_s04"
"driving_01","3104","155.2","720","480","driving_01_s04"
"driving_01","3105","155.25","720","480","driving_01_s04"
"driving_01","3106","155.3","720","480","driving_01_s04"
"driving_01","3107","155.35","720","480","driving_01_s04"
"driving_01","3108","155.4","720","480","driving_01_s04"
"driving_01","3109","155.45","720","480","driving_01_s04"
"driving_01","3110","155.5","720","480","driving_01_s04"
"driving_01","3111","155.55","720","480","driving_01_s04"
"driving_01","3112","155.6","720","480","driving_01_s04"
"driving_01","3113","155.65","720","480","driving_01_s04"
"driving_01","3114","155.7","720","480","driving_01_s04"
"driving_01","3115","155.75","720","480","driving_01_s04"
"driving_01","3116","155.8","720","480","driving_01_s04"
"driving_01","3117","155.85","720","480","driving_01_s04"
"driving_01","3118","155.9","720","480","driving_01_s04"
"driving_01","3119","155.95","720","480","driving_01_s04"
"driving_01","3120","156","720","480","driving_01_s04"
"driving_01","3121","156.05","720","480","driving_01_s04"
"driving_01","3122","156.1","720","480","driving_01_s04"
"driving_01","3123","156.15","720","480","driving_01_s04"
"driving_01","3124","156.2","720","480","driving_01_s04"
"driving_01","3125","156.25","720","480","driving_01_s04"
"driving_01","3126","156.3","720","480","driving_01_s04"
"driving_01","3127","156.35","720","480","driving_01_s04"
"driving_01","3128","156.4","720","480","driving_01_s04"
"driving_01","3129","156.45","720","480","driving_01_s04"
"driving_01","3130","156.5","720","480","driving_01_s04"
"driving_01","3131","156.55","720","480","driving_01_s04"
"driving_01","3132","156.6","720","480","driving_01_s04"
"driving_01","3133","156.65","720","480","driving_01_s04"
"driving_01","3134","156.7","720","480","driving_01_s04"
"driving_01","3135","156.75","720","480","driving_01_s04"
"driving_01","3136","156.8","720","480","driving_01_s04"
"driving_01","3137","156.85","720","480","driving_01_s04"
"driving_01","3138","156.9","720","480","driving_01_s04"
"driving_01","3139","156.95","720","480","driving_01_s04"
"driving_01","3140","157","720","480","driving_01_s04"
"driving_01","3141","157.05","720","480","driving_01_s04"
"driving_01","3142","157.1","720","480","driving_01_s04"
"driving_01","3143","157.15","720","480","driving_01_s04"
"driving_01","3144","157.2","720","480","driving_01_s04"
"driving_01","3145","157.25","720","480","driving_01_s04"
"driving_01","3146","157.3","720","480","driving_01_s04"
"driving_01","3147","157.35","720","480","driving_01_s04"
"driving_01","3148","157.4","720","480","driving_01_s04"
"driving_01","3149","157.45","720","480","driving_01_s04"
"driving_01","3150","157.5","720","480","driving_01_s04"
"driving_01","3151","157.55","720","480","driving_01_s04"
"driving_01","3152","157.6","720","480","driving_01_s04"
"driving_01","3153","157.65","720","480","driving_01_s04"
"driving_01","3154","157.7","720","480","driving_01_s04"
"driving_01","3155","157.75","720","480","driving_01_s04"
"driving_01","3156","157.8","720","480","driving_01_s04"
"driving_01","3157","157.85","720","480","driving_01_s04"
"driving_01","3158","157.9","720","480","driving_01_s04"
"driving_01","3159","157.95","720","480","driving_01_s04"
"driving_01","3160","158","720","480","driving_01_s04"
"driving_01","3161","158.05","720","480","driving_01_s04"
"driving_01","3162","158.1","720","480","driving_01_s04"
"driving_01","3163","158.15","720","480","driving_01_s04"
"driving_01","3164","158.2","720","480","driving_01_s04"
"driving_01","3165","158.25","720","480","driving_01_s04"
"driving_01","3166","158.3","720","480","driving_01_s04"
"driving_01","3167","158.35","720","480","driving_01_s04"
"driving_01","3168","158.4","720","480","driving_01_s04"
"driving_01","3169","158.45","720","480","driving_01_s04"
"driving_01","3170","158.5","720","480","driving_01_s04"
"driving_01","3171","158.55","720","480","driving_01_s04"
"driving_01","3172","158.6","720","480","driving_01_s04"
"driving_01","3173","158.65","720","480","driving_01_s04"
"driving_01","3174","158.7","720","480","driving_01_s04"
"driving_01","3175","158.75","720","480","driving_01_s04"
"driving_01","3176","158.8","720","480","driving_01_s04"
"driving_01","3177","158.85","720","480","driving_01_s04"
"driving_01","3178","158.9","720","480","driving_01_s04"
"driving_01","3179","158.95","720","480","driving_01_s04"
"driving_01","3180","159","720","480","driving_01_s04"
"driving_01","3181","159.05","720","480","driving_01_s04"
"driving_01","3182","159.1","720","480","driving_01_s04"
"driving_01","3183","159.15","720","480","driving_01_s04"
"driving_01","3184","159.2","720","480","driving_01_s04"
"driving_01","3185","159.25","720","480","driving_01_s04"
"driving_01","3186","159.3","720","480","driving_01_s04"
"driving_01","3187","159.35","720","480","driving_01_s04"
"driving_01","3188","159.4","720","480","driving_01_s04"
"driving_01","3189","159.45","720","480","driving_01_s04"
"driving_01","3190","159.5","720","480","driving_01_s04"
"driving_01","3191","159.55","720","480","driving_01_s04"
"driving_01","3192","159.6","720","480","driving_01_s04"
"driving_01","3193","159.65","720","480","driving_01_s04"
"driving_01","3194","159.7","720","480","driving_01_s04"
"driving_01","3195","159.75","720","480","driving_01_s04"
"driving_01","3196","159.8","720","480","driving_01_s04"
"driving_01","3197","159.85","720","480","driving_01_s04"
"driving_01","3198","159.9","720","480","driving_01_s04"
"driving_01","3199","159.95","720","480","driving_01_s04"
"driving_01","3200","160","720","480","driving_01_s04"
"driving_01","3201","160.05","720","480","driving_01_s04"
"driving_01","3202","160.1","720","480","driving_01_s04"
"driving_01","3203","160.15","720","480","driving_01_s04"
"driving_01","3204","160.2","720","480","driving_01_s04"
"driving_01","3205","160.25","720","480","driving_01_s04"
"driving_01","3206","160.3","720","480","driving_01_s04"
"driving_01","3207","160.35","720","480","driving_01_s04"
"driving_01","3208","160.4","720","480","driving_01_s04"
"driving_01","3209","160.45","720","480","driving_01_s04"
"driving_01","3210","160.5","720","480","driving_01_s04"
"driving_01","3211","160.55","720","480","driving_01_s04"
"driving_01","3212","160.6","720","480","driving_01_s04"
"driving_01","3213","160.65","720","480","driving_01_s04"
"driving_01","3214","160.7","720","480","driving_01_s04"
"driving_01","3215","160.75","720","480","driving_01_s04"
"driving_01","3216","160.8","720","480","driving_01_s04"
"driving_01","3217","160.85","720","480","driving_01_s04"
"driving_01","3218","160.9","720","480","driving_01_s04"
"driving_01","3219","160.95","720","480","driving_01_s04"
"driving_01","3220","161","720","480","driving_01_s04"
"driving_01","3221","161.05","720","480","driving_01_s04"
"driving_01","3222","161.1","720","480","driving_01_s04"
"driving_01","3223","161.15","720","480","driving_01_s04"
"driving_01","3224","161.2","720","480","driving_01_s04"
"driving_01","3225","161.25","720","480","driving_01_s04"
"driving_01","3226","161.3","720","480","driving_01_s04"
"driving_01","3227","161.35","720","480","driving_01_s04"
"driving_01","3228","161.4","720","480","driving_01_s04"
"driving_01","3229","161.45","720","480","driving_01_s04"
"driving_01","3230","161.5","720","480","driving_01_s04"
"driving_01","3231","161.55","720","480","driving_01_s04"
"driving_01","3232","161.6","720","480","driving_01_s04"
"driving_01","3233","161.65","720","480","driving_01_s04"
"driving_01","3234","161.7","720","480","driving_01_s04"
"driving_01","3235","161.75","720","480","driving_01_s04"
"driving_01","3236","161.8","720","480","driving_01_s04"
"driving_01","3237","161.85","720","480","driving_01_s04"
"driving_01","3238","161.9","720","480","driving_01_s04"
"driving_01","3239","161.95","720","480","driving_01_s04"
"driving_01","3240","162","720","480","driving_01_s04"
"driving_01","3241","162.05","720","480","driving_01_s04"
"driving_01","3242","162.1","720","480","driving_01_s04"
"driving_01","3243","162.15","720","480","driving_01_s04"
"driving_01","3244","162.2","720","480","driving_01_s04"
"driving_01","3245","162.25","720","480","driving_01_s04"
"driving_01","3246","162.3","720","480","driving_01_s04"
"driving_01","3247","162.35","720","480","driving_01_s04"
"driving_01","3248","162.4","720","480","driving_01_s04"
"driving_01","3249","162.45","720","480","driving_01_s04"
"driving_01","3250","162.5","720","480","driving_01_s04"
"driving_01","3251","162.55","720","480","driving_01_s04"
"driving_01","3252","162.6","720","480","driving_01_s04"
"driving_01","3253","162.65","720","480","driving_01_s04"
"driving_01","3254","162.7","720","480","driving_01_s04"
"driving_01","3255","162.75","720","480","driving_01_s04"
"driving_01","3256","162.8","720","480","driving_01_s04"
"driving_01","3257","162.85","720","480","driving_01_s04"
"driving_01","3258","162.9","720","480","driving_01_s04"
"driving_01","3259","162.95","720","480","driving_01_s04"
"driving_01","3260","163","720","480","driving_01_s04"
"driving_01","3261","163.05","720","480","driving_01_s04"
"driving_01","3262","163.1","720","480","driving_01_s04"
"driving_01","3263","163.15","720","480","driving_01_s04"
"driving_01","3264","163.2","720","480","driving_01_s04"
"driving_01","3265","163.25","720","480","driving_01_s04"
"driving_01","3266","163.3","720","480","driving_01_s04"
"driving_01","3267","163.35","720","480","driving_01_s04"
"driving_01","3268","163.4","720","480","driving_01_s04"
"driving_01","3269","163.45","720","480","driving_01_s04"
"driving_01","3270","163.5","720","480","driving_01_s04"
"driving_01","3271","163.55","720","480","driving_01_s04"
"driving_01","3272","163.6","720","480","driving_01_s04"
"driving_01","3273","163.65","720","480","driving_01_s04"
"driving_01","3274","163.7","720","480","driving_01_s04"
"driving_01","3275","163.75","720","480","driving_01_s04"
"driving_01","3276","163.8","720","480","driving_01_s04"
"driving_01","3277","163.85","720","480","driving_01_s04"
"driving_01","3278","163.9","720","480","driving_01_s04"
"driving_01","3279","163.95","720","480","driving_01_s04"
"driving_01","3280","164","720","480","driving_01_s04"
"driving_01","3281","164.05","720","480","driving_01_s04"
"driving_01","3282","164.1","720","480","driving_01_s04"
"driving_01","3283","164.15","720","480","driving_01_s04"
"driving_01","3284","164.2","720","480","driving_01_s04"
"driving_01","3285","164.25","720","480","driving_01_s04"
"driving_01","3286","164.3","720","480","driving_01_s04"
"driving_01","3287","164.35","720","480","driving_01_s04"
"driving_01","3288","164.4","720","480","driving_01_s04"
"driving_01","3289","164.45","720","480","driving_01_s04"
"driving_01","3290","164.5","720","480","driving_01_s04"
"driving_01","3291","164.55","720","480","driving_01_s04"
"driving_01","3292","164.6","720","480","driving_01_s04"
"driving_01","3293","164.65","720","480","driving_01_s04"
"driving_01","3294","164.7","720","480","driving_01_s04"
"driving_01","3295","164.75","720","480","driving_01_s04"
"driving_01","3296","164.8","720","480","driving_01_s04"
"driving_01","3297","164.85","720","480","driving_01_s04"
"driving_01","3298","164.9","720","480","driving_01_s04"
"driving_01","3299","164.95","720","480","driving_01_s04"
"driving_01","3300","165","720","480","driving_01_s04"
"driving_01","3301","165.05","720","480","driving_01_s04"
"driving_01","3302","165.1","720","480","driving_01_s04"
"driving_01","3303","165.15","720","480","driving_01_s04"
"driving_01","3304","165.2","720","480","driving_01_s04"
"driving_01","3305","165.25","720","480","driving_01_s04"
"driving_01","3306","165.3","720","480","driving_01_s04"
"driving_01","3307","165.35","720","480","driving_01_s04"
"driving_01","3308","165.4","720","480","driving_01_s04"
"driving_01","3309","165.45","720","480","driving_01_s04"
"driving_01","3310","165.5","720","480","driving_01_s04"
"driving_01","3311","165.55","720","480","driving_01_s04"
"driving_01","3312","165.6","720","480","driving_01_s04"
"driving_01","3313","165.65","720","480","driving_01_s04"
"driving_01","3314","165.7","720","480","driving_01_s04"
"driving_01","3315","165.75","720","480","driving_01_s04"
"driving_01","3316","165.8","720","480","driving_01_s04"
"driving_01","3317","165.85","720","480","driving_01_s04"
"driving_01","3318","165.9","720","480","driving_01_s04"
"driving_01","3319","165.95","720","480","driving_01_s04"
"driving_01","3320","166","720","480","driving_01_s04"
"driving_01","3321","166.05","720","480","driving_01_s04"
"driving_01","3322","166.1","720","480","driving_01_s04"
"driving_01","3323","166.15","720","480","driving_01_s04"
"driving_01","3324","166.2","720","480","driving_01_s04"
"driving_01","3325","166.25","720","480","driving_01_s04"
"driving_01","3326","166.3","720","480","driving_01_s04"
"driving_01","3327","166.35","720","480","driving_01_s04"
"driving_01","3328","166.4","720","480","driving_01_s04"
"driving_01","3329","166.45","720","480","driving_01_s04"
"driving_01","3330","166.5","720","480","driving_01_s04"
"driving_01","3331","166.55","720","480","driving_01_s04"
"driving_01","3332","166.6","720","480","driving_01_s04"
"driving_01","3333","166.65","720","480","driving_01_s04"
"driving_01","3334","166.7","720","480","driving_01_s04"
"driving_01","3335","166.75","720","480","driving_01_s04"
"driving_01","3336","166.8","720","480","driving_01_s04"
"driving_01","3337","166.85","720","480","driving_01_s04"
"driving_01","3338","166.9","720","480","driving_01_s04"
"driving_01","3339","166.95","720","480","driving_01_s04"
"driving_01","3340","167","720","480","driving_01_s04"
"driving_01","3341","167.05","720","480","driving_01_s04"
"driving_01","3342","167.1","720","480","driving_01_s04"
"driving_01","3343","167.15","720","480","driving_01_s04"
"driving_01","3344","167.2","720","480","driving_01_s04"
"driving_01","3345","167.25","720","480","driving_01_s04"
"driving_01","3346","167.3","720","480","driving_01_s04"
"driving_01","3347","167.35","720","480","driving_01_s04"
"driving_01","3348","167.4","720","480","driving_01_s04"
"driving_01","3349","167.45","720","480","driving_01_s04"
"driving_01","3350","167.5","720","480","driving_01_s04"
"driving_01","3351","167.55","720","480","driving_01_s04"
"driving_01","3352","167.6","720","480","driving_01_s04"
"driving_01","3353","167.65","720","480","driving_01_s04"
"driving_01","3354","167.7","720","480","driving_01_s04"
"driving_01","3355","167.75","720","480","driving_01_s04"
"driving_01","3356","167.8","720","480","driving_01_s04"
"driving_01","3357","167.85","720","480","driving_01_s04"
"driving_01","3358","167.9","720","480","driving_01_s04"
"driving_01","3359","167.95","720","480","driving_01_s04"
"driving_01","3360","168","720","480","driving_01_s04"
"driving_01","3361","168.05","720","480","driving_01_s04"
"driving_01","3362","168.1","720","480","driving_01_s04"
"driving_01","3363","168.15","720","480","driving_01_s04"
"driving_01","3364","168.2","720","480","driving_01_s04"
"driving_01","3365","168.25","720","480","driving_01_s04"
"driving_01","3366","168.3","720","480","driving_01_s04"
"driving_01","3367","168.35","720","480","driving_01_s04"
"driving_01","3368","168.4","720","480","driving_01_s04"
"driving_01","3369","168.45","720","480","driving_01_s04"
"driving_01","3370","168.5","720","480","driving_01_s04"
"driving_01","3371","168.55","720","480","driving_01_s04"
"driving_01","3372","168.6","720","480","driving_01_s04"
"driving_01","3373","168.65","720","480","driving_01_s04"
"driving_01","3374","168.7","720","480","driving_01_s04"
"driving_01","3375","168.75","720","480","driving_01_s04"
"driving_01","3376","168.8","720","480","driving_01_s04"
"driving_01","3377","168.85","720","480","driving_01_s04"
"driving_01","3378","168.9","720","480","driving_01_s04"
"driving_01","3379","168.95","720","480","driving_01_s04"
"driving_01","3380","169","720","480","driving_01_s04"
"driving_01","3381","169.05","720","480","driving_01_s04"
"driving_01","3382","169.1","720","480","driving_01_s04"
"driving_01","3383","169.15","720","480","driving_01_s04"
"driving_01","3384","169.2","720","480","driving_01_s04"
"driving_01","3385","169.25","720","480","driving_01_s04"
"driving_01","3386","169.3","720","480","driving_01_s04"
"driving_01","3387","169.35","720","480","driving_01_s04"
"driving_01","3388","169.4","720","480","driving_01_s04"
"driving_01","3389","169.45","720","480","driving_01_s04"
"driving_01","3390","169.5","720","480","driving_01_s04"
"driving_01","3391","169.55","720","480","driving_01_s04"
"driving_01","3392","169.6","720","480","driving_01_s04"
"driving_01","3393","169.65","720","480","driving_01_s04"
"driving_01","3394","169.7","720","480","driving_01_s04"
"driving_01","3395","169.75","720","480","driving_01_s04"
"driving_01","3396","169.8","720","480","driving_01_s04"
"driving_01","3397","169.85","720","480","driving_01_s04"
"driving_01","3398","169.9","720","480","driving_01_s04"
"driving_01","3399","169.95","720","480","driving_01_s04"
"driving_01","3400","170","720","480","driving_01_s04"
"driving_01","3401","170.05","720","480","driving_01_s04"
"driving_01","3402","170.1","720","480","driving_01_s04"
"driving_01","3403","170.15","720","480","driving_01_s04"
"driving_01","3404","170.2","720","480","driving_01_s04"
"driving_01","3405","170.25","720","480","driving_01_s04"
"driving_01","3406","170.3","720","480","driving_01_s04"
"driving_01","3407","170.35","720","480","driving_01_s04"
"driving_01","3408","170.4","720","480","driving_01_s04"
"driving_01","3409","170.45","720","480","driving_01_s04"
"driving_01","3410","170.5","720","480","driving_01_s04"
"driving_01","3411","170.55","720","480","driving_01_s04"
"driving_01","3412","170.6","720","480","driving_01_s04"
"driving_01","3413","170.65","720","480","driving_01_s04"
"driving_01","3414","170.7","720","480","driving_01_s04"
"driving_01","3415","170.75","720","480","driving_01_s04"
"driving_01","3416","170.8","720","480","driving_01_s04"
"driving_01","3417","170.85","720","480","driving_01_s04"
"driving_01","3418","170.9","720","480","driving_01_s04"
"driving_01","3419","170.95","720","480","driving_01_s04"
"driving_01","3420","171","720","480","driving_01_s04"
"driving_01","3421","171.05","720","480","driving_01_s04"
"driving_01","3422","171.1","720","480","driving_01_s04"
"driving_01","3423","171.15","720","480","driving_01_s04"
"driving_01","3424","171.2","720","480","driving_01_s04"
"driving_01","3425","171.25","720","480","driving_01_s04"
"driving_01","3426","171.3","720","480","driving_01_s04"
"driving_01","3427","171.35","720","480","driving_01_s04"
"driving_01","3428","171.4","720","480","driving_01_s04"
"driving_01","3429","171.45","720","480","driving_01_s04"
"driving_01","3430","171.5","720","480","driving_01_s04"
"driving_01","3431","171.55","720","480","driving_01_s04"
"driving_01","3432","171.6","720","480","driving_01_s04"
"driving_01","3433","171.65","720","480","driving_01_s04"
"driving_01","3434","171.7","720","480","driving_01_s04"
"driving_01","3435","171.75","720","480","driving_01_s04"
"driving_01","3436","171.8","720","480","driving_01_s04"
"driving_01","3437","171.85","720","480","driving_01_s04"
"driving_01","3438","171.9","720","480","driving_01_s04"
"driving_01","3439","171.95","720","480","driving_01_s04"
"driving_01","3440","172","720","480","driving_01_s04"
"driving_01","3441","172.05","720","480","driving_01_s04"
"driving_01","3442","172.1","720","480","driving_01_s04"
"driving_01","3443","172.15","720","480","driving_01_s04"
"driving_01","3444","172.2","720","480","driving_01_s04"
"driving_01","3445","172.25","720","480","driving_01_s04"
"driving_01","3446","172.3","720","480","driving_01_s04"
"driving_01","3447","172.35","720","480","driving_01_s04"
"driving_01","3448","172.4","720","480","driving_01_s04"
"driving_01","3449","172.45","720","480","driving_01_s04"
"driving_01","3450","172.5","720","480","driving_01_s04"
"driving_01","3451","172.55","720","480","driving_01_s04"
"driving_01","3452","172.6","720","480","driving_01_s04"
"driving_01","3453","172.65","720","480","driving_01_s04"
"driving_01","3454","172.7","720","480","driving_01_s04"
"driving_01","3455","172.75","720","480","driving_01_s04"
"driving_01","3456","172.8","720","480","driving_01_s04"
"driving_01","3457","172.85","720","480","driving_01_s04"
"driving_01","3458","172.9","720","480","driving_01_s04"
"driving_01","3459","172.95","720","480","driving_01_s04"
"driving_01","3460","173","720","480","driving_01_s04"
"driving_01","3461","173.05","720","480","driving_01_s04"
"driving_01","3462","173.1","720","480","driving_01_s04"
"driving_01","3463","173.15","720","480","driving_01_s04"
"driving_01","3464","173.2","720","480","driving_01_s04"
"driving_01","3465","173.25","720","480","driving_01_s04"
"driving_01","3466","173.3","720","480","driving_01_s04"
"driving_01","3467","173.35","720","480","driving_01_s04"
"driving_01","3468","173.4","720","480","driving_01_s04"
"driving_01","3469","173.45","720","480","driving_01_s04"
"driving_01","3470","173.5","720","480","driving_01_s04"
"driving_01","3471","173.55","720","480","driving_01_s04"
"driving_01","3472","173.6","720","480","driving_01_s04"
"driving_01","3473","173.65","720","480","driving_01_s04"
"driving_01","3474","173.7","720","480","driving_01_s04"
"driving_01","3475","173.75","720","480","driving_01_s04"
"driving_01","3476","173.8","720","480","driving_01_s04"
"driving_01","3477","173.85","720","480","driving_01_s04"
"driving_01","3478","173.9","720","480","driving_01_s04"
"driving_01","3479","173.95","720","480","driving_01_s04"
"driving_01","3480","174","720","480","driving_01_s04"
"driving_01","3481","174.05","720","480","driving_01_s04"
"driving_01","3482","174.1","720","480","driving_01_s04"
"driving_01","3483","174.15","720","480","driving_01_s04"
"driving_01","3484","174.2","720","480","driving_01_s04"
"driving_01","3485","174.25","720","480","driving_01_s04"
"driving_01","3486","174.3","720","480","driving_01_s04"
"driving_01","3487","174.35","720","480","driving_01_s04"
"driving_01","3488","174.4","720","480","driving_01_s04"
"driving_01","3489","174.45","720","480","driving_01_s04"
"driving_01","3490","174.5","720","480","driving_01_s04"
"driving_01","3491","174.55","720","480","driving_01_s04"
"driving_01","3492","174.6","720","480","driving_01_s04"
"driving_01","3493","174.65","720","480","driving_01_s04"
"driving_01","3494","174.7","720","480","driving_01_s04"
"driving_01","3495","174.75","720","480","driving_01_s04"
"driving_01","3496","174.8","720","480","driving_01_s04"
"driving_01","3497","174.85","720","480","driving_01_s04"
"driving_01","3498","174.9","720","480","driving_01_s04"
"driving_01","3499","174.95","720","480","driving_01_s04"
"driving_01","3500","175","720","480","driving_01_s04"
"driving_01","3501","175.05","720","480","driving_01_s04"
"driving_01","3502","175.1","720","480","driving_01_s04"
"driving_01","3503","175.15","720","480","driving_01_s04"
"driving_01","3504","175.2","720","480","driving_01_s04"
"driving_01","3505","175.25","720","480","driving_01_s04"
"driving_01","3506","175.3","720","480","driving_01_s04"
"driving_01","3507","175.35","720","480","driving_01_s04"
"driving_01","3508","175.4","720","480","driving_01_s04"
"driving_01","3509","175.45","720","480","driving_01_s04"
"driving_01","3510","175.5","720","480","driving_01_s04"
"driving_01","3511","175.55","720","480","driving_01_s04"
"driving_01","3512","175.6","720","480","driving_01_s04"
"driving_01","3513","175.65","720","480","driving_01_s04"
"driving_01","3514","175.7","720","480","driving_01_s04"
"driving_01","3515","175.75","720","480","driving_01_s04"
"driving_01","3516","175.8","720","480","driving_01_s04"
"driving_01","3517","175.85","720","480","driving_01_s04"
"driving_01","3518","175.9","720","480","driving_01_s04"
"driving_01","3519","175.95","720","480","driving_01_s04"
"driving_01","3520","176","720","480","driving_01_s04"
"driving_01","3521","176.05","720","480","driving_01_s04"
"driving_01","3522","176.1","720","480","driving_01_s04"
"driving_01","3523","176.15","720","480","driving_01_s04"
"driving_01","3524","176.2","720","480","driving_01_s04"
"driving_01","3525","176.25","720","480","driving_01_s04"
"driving_01","3526","176.3","720","480","driving_01_s04"
"driving_01","3527","176.35","720","480","driving_01_s04"
"driving_01","3528","176.4","720","480","driving_01_s04"
"driving_01","3529","176.45","720","480","driving_01_s04"
"driving_01","3530","176.5","720","480","driving_01_s04"
"driving_01","3531","176.55","720","480","driving_01_s04"
"driving_01","3532","176.6","720","480","driving_01_s04"
"driving_01","3533","176.65","720","480","driving_01_s04"
"driving_01","3534","176.7","720","480","driving_01_s04"
"driving_01","3535","176.75","720","480","driving_01_s04"
"driving_01","3536","176.8","720","480","driving_01_s04"
"driving_01","3537","176.85","720","480","driving_01_s04"
"driving_01","3538","176.9","720","480","driving_01_s04"
"driving_01","3539","176.95","720","480","driving_01_s04"
"driving_01","3540","177","720","480","driving_01_s04"
"driving_01","3541","177.05","720","480","driving_01_s04"
"driving_01","3542","177.1","720","480","driving_01_s04"
"driving_01","3543","177.15","720","480","driving_01_s04"
"driving_01","3544","177.2","720","480","driving_01_s04"
"driving_01","3545","177.25","720","480","driving_01_s04"
"driving_01","3546","177.3","720","480","driving_01_s04"
"driving_01","3547","177.35","720","480","driving_01_s04"
"driving_01","3548","177.4","720","480","driving_01_s04"
"driving_01","3549","177.45","720","480","driving_01_s04"
"driving_01","3550","177.5","720","480","driving_01_s04"
"driving_01","3551","177.55","720","480","driving_01_s04"
"driving_01","3552","177.6","720","480","driving_01_s04"
"driving_01","3553","177.65","720","480","driving_01_s04"
"driving_01","3554","177.7","720","480","driving_01_s04"
"driving_01","3555","177.75","720","480","driving_01_s04"
"driving_01","3556","177.8","720","480","driving_01_s04"
"driving_01","3557","177.85","720","480","driving_01_s04"
"driving_01","3558","177.9","720","480","driving_01_s04"
"driving_01","3559","177.95","720","480","driving_01_s04"
"driving_01","3560","178","720","480","driving_01_s04"
"driving_01","3561","178.05","720","480","driving_01_s04"
"driving_01","3562","178.1","720","480","driving_01_s04"
"driving_01","3563","178.15","720","480","driving_01_s04"
"driving_01","3564","178.2","720","480","driving_01_s04"
"driving_01","3565","178.25","720","480","driving_01_s04"
"driving_01","3566","178.3","720","480","driving_01_s04"
"driving_01","3567","178.35","720","480","driving_01_s04"
"driving_01","3568","178.4","720","480","driving_01_s04"
"driving_01","3569","178.45","720","480","driving_01_s04"
"driving_01","3570","178.5","720","480","driving_01_s04"
"driving_01","3571","178.55","720","480","driving_01_s04"
"driving_01","3572","178.6","720","480","driving_01_s04"
"driving_01","3573","178.65","720","480","driving_01_s04"
"driving_01","3574","178.7","720","480","driving_01_s04"
"driving_01","3575","178.75","720","480","driving_01_s04"
"driving_01","3576","178.8","720","480","driving_01_s04"
"driving_01","3577","178.85","720","480","driving_01_s04"
"driving_01","3578","178.9","720","480","driving_01_s04"
"driving_01","3579","178.95","720","480","driving_01_s04"
"driving_01","3580","179","720","480","driving_01_s04"
"driving_01","3581","179.05","720","480","driving_01_s04"
"driving_01","3582","179.1","720","480","driving_01_s04"
"driving_01","3583","179.15","720","480","driving_01_s04"
"driving_01","3584","179.2","720","480","driving_01_s04"
"driving_01","3585","179.25","720","480","driving_01_s04"
"driving_01","3586","179.3","720","480","driving_01_s04"
"driving_01","3587","179.35","720","480","driving_01_s04"
"driving_01","3588","179.4","720","480","driving_01_s04"
"driving_01","3589","179.45","720","480","driving_01_s04"
"driving_01","3590","179.5","720","480","driving_01_s04"
"driving_01","3591","179.55","720","480","driving_01_s04"
"driving_01","3592","179.6","720","480","driving_01_s04"
"driving_01","3593","179.65","720","480","driving_01_s04"
"driving_01","3594","179.7","720","480","driving_01_s04"
"driving_01","3595","179.75","720","480","driving_01_s04"
"driving_01","3596","179.8","720","480","driving_01_s04"
"driving_01","3597","179.85","720","480","driving_01_s04"
"driving_01","3598","179.9","720","480","driving_01_s04"
"driving_01","3599","179.95","720","480","driving_01_s04"
"driving_01","3600","180","720","480","driving_01_s04"
"driving_01","3601","180.05","720","480","driving_01_s04"
"driving_01","3602","180.1","720","480","driving_01_s04"
"driving_01","3603","180.15","720","480","driving_01_s04"
"driving_01","3604","180.2","720","480","driving_01_s04"
"driving_01","3605","180.25","720","480","driving_01_s04"
"driving_01","3606","180.3","720","480","driving_01_s04"
"driving_01","3607","180.35","720","480","driving_01_s04"
"driving_01","3608","180.4","720","480","driving_01_s04"
"driving_01","3609","180.45","720","480","driving_01_s04"
"driving_01","3610","180.5","720","480","driving_01_s04"
"driving_01","3611","180.55","720","480","driving_01_s04"
"driving_01","3612","180.6","720","480","driving_01_s04"
"driving_01","3613","180.65","720","480","driving_01_s04"
"driving_01","3614","180.7","720","480","driving_01_s04"
"driving_01","3615","180.75","720","480","driving_01_s04"
"driving_01","3616","180.8","720","480","driving_01_s04"
"driving_01","3617","180.85","720","480","driving_01_s04"
"driving_01","3618","180.9","720","480","driving_01_s04"
"driving_01","3619","180.95","720","480","driving_01_s04"
"driving_01","3620","181","720","480","driving_01_s04"
"driving_01","3621","181.05","720","480","driving_01_s04"
"driving_01","3622","181.1","720","480","driving_01_s04"
"driving_01","3623","181.15","720","480","driving_01_s04"
"driving_01","3624","181.2","720","480","driving_01_s04"
"driving_01","3625","181.25","720","480","driving_01_s04"
"driving_01","3626","181.3","720","480","driving_01_s04"
"driving_01","3627","181.35","720","480","driving_01_s04"
"driving_01","3628","181.4","720","480","driving_01_s04"
"driving_01","3629","181.45","720","480","driving_01_s04"
"driving_01","3630","181.5","720","480","driving_01_s04"
"driving_01","3631","181.55","720","480","driving_01_s04"
"driving_01","3632","181.6","720","480","driving_01_s04"
"driving_01","3633","181.65","720","480","driving_01_s04"
"driving_01","3634","181.7","720","480","driving_01_s04"
"driving_01","3635","181.75","720","480","driving_01_s04"
"driving_01","3636","181.8","720","480","driving_01_s04"
"driving_01","3637","181.85","720","480","driving_01_s04"
"driving_01","3638","181.9","720","480","driving_01_s04"
"driving_01","3639","181.95","720","480","driving_01_s04"
"driving_01","3640","182","720","480","driving_01_s04"
"driving_01","3641","182.05","720","480","driving_01_s04"
"driving_01","3642","182.1","720","480","driving_01_s04"
"driving_01","3643","182.15","720","480","driving_01_s04"
"driving_01","3644","182.2","720","480","driving_01_s04"
"driving_01","3645","182.25","720","480","driving_01_s04"
"driving_01","3646","182.3","720","480","driving_01_s04"
"driving_01","3647","182.35","720","480","driving_01_s04"
"driving_01","3648","182.4","720","480","driving_01_s04"
"driving_01","3649","182.45","720","480","driving_01_s04"
"driving_01","3650","182.5","720","480","driving_01_s04"
"driving_01","3651","182.55","720","480","driving_01_s04"
"driving_01","3652","182.6","720","480","driving_01_s04"
"driving_01","3653","182.65","720","480","driving_01_s04"
"driving_01","3654","182.7","720","480","driving_01_s04"
"driving_01","3655","182.75","720","480","driving_01_s04"
"driving_01","3656","182.8","720","480","driving_01_s04"
"driving_01","3657","182.85","720","480","driving_01_s04"
"driving_01","3658","182.9","720","480","driving_01_s04"
"driving_01","3659","182.95","720","480","driving_01_s04"
"driving_01","3660","183","720","480","driving_01_s04"
"driving_01","3661","183.05","720","480","driving_01_s04"
"driving_01","3662","183.1","720","480","driving_01_s04"
"driving_01","3663","183.15","720","480","driving_01_s04"
"driving_01","3664","183.2","720","480","driving_01_s04"
"driving_01","3665","183.25","720","480","driving_01_s04"
"driving_01","3666","183.3","720","480","driving_01_s04"
"driving_01","3667","183.35","720","480","driving_01_s04"
"driving_01","3668","183.4","720","480","driving_01_s04"
"driving_01","3669","183.45","720","480","driving_01_s04"
"driving_01","3670","183.5","720","480","driving_01_s04"
"driving_01","3671","183.55","720","480","driving_01_s04"
"driving_01","3672","183.6","720","480","driving_01_s04"
"driving_01","3673","183.65","720","480","driving_01_s04"
"driving_01","3674","183.7","720","480","driving_01_s04"
"driving_01","3675","183.75","720","480","driving_01_s04"
"driving_01","3676","183.8","720","480","driving_01_s04"
"driving_01","3677","183.85","720","480","driving_01_s04"
"driving_01","3678","183.9","720","480","driving_01_s04"
"driving_01","3679","183.95","720","480","driving_01_s04"
"driving_01","3680","184","720","480","driving_01_s04"
"driving_01","3681","184.05","720","480","driving_01_s04"
"driving_01","3682","184.1","720","480","driving_01_s04"
"driving_01","3683","184.15","720","480","driving_01_s04"
"driving_01","3684","184.2","720","480","driving_01_s04"
"driving_01","3685","184.25","720","480","driving_01_s04"
"driving_01","3686","184.3","720","480","driving_01_s04"
"driving_01","3687","184.35","720","480","driving_01_s04"
"driving_01","3688","184.4","720","480","driving_01_s04"
"driving_01","3689","184.45","720","480","driving_01_s04"
"driving_01","3690","184.5","720","480","driving_01_s04"
"driving_01","3691","184.55","720","480","driving_01_s04"
"driving_01","3692","184.6","720","480","driving_01_s04"
"driving_01","3693","184.65","720","480","driving_01_s04"
"driving_01","3694","184.7","720","480","driving_01_s04"
"driving_01","3695","184.75","720","480","driving_01_s04"
"driving_01","3696","184.8","720","480","driving_01_s04"
"driving_01","3697","184.85","720","480","driving_01_s04"
"driving_01","3698","184.9","720","480","driving_01_s04"
"driving_01","3699","184.95","720","480","driving_01_s04"
"driving_01","3700","185","720","480","driving_01_s04"
"driving_01","3701","185.05","720","480","driving_01_s04"
"driving_01","3702","185.1","720","480","driving_01_s04"
"driving_01","3703","185.15","720","480","driving_01_s04"
"driving_01","3704","185.2","720","480","driving_01_s04"
"driving_01","3705","185.25","720","480","driving_01_s04"
"driving_01","3706","185.3","720","480","driving_01_s04"
"driving_01","3707","185.35","720","480","driving_01_s04"
"driving_01","3708","185.4","720","480","driving_01_s04"
"driving_01","3709","185.45","720","480","driving_01_s04"
"driving_01","3710","185.5","720","480","driving_01_s04"
"driving_01","3711","185.55","720","480","driving_01_s04"
"driving_01","3712","185.6","720","480","driving_01_s04"
"driving_01","3713","185.65","720","480","driving_01_s04"
"driving_01","3714","185.7","720","480","driving_01_s04"
"driving_01","3715","185.75","720","480","driving_01_s04"
"driving_01","3716","185.8","720","480","driving_01_s04"
"driving_01","3717","185.85","720","480","driving_01_s04"
"driving_01","3718","185.9","720","480","driving_01_s04"
"driving_01","3719","185.95","720","480","driving_01_s04"
"driving_01","3720","186","720","480","driving_01_s04"
"driving_01","3721","186.05","720","480","driving_01_s04"
"driving_01","3722","186.1","720","480","driving_01_s04"
"driving_01","3723","186.15","720","480","driving_01_s04"
"driving_01","3724","186.2","720","480","driving_01_s04"
"driving_01","3725","186.25","720","480","driving_01_s04"
"driving_01","3726","186.3","720","480","driving_01_s04"
"driving_01","3727","186.35","720","480","driving_01_s04"
"driving_01","3728","186.4","720","480","driving_01_s04"
"driving_01","3729","186.45","720","480","driving_01_s04"
"driving_01","3730","186.5","720","480","driving_01_s04"
"driving_01","3731","186.55","720","480","driving_01_s04"
"driving_01","3732","186.6","720","480","driving_01_s04"
"driving_01","3733","186.65","720","480","driving_01_s04"
"driving_01","3734","186.7","720","480","driving_01_s04"
"driving_01","3735","186.75","720","480","driving_01_s04"
"driving_01","3736","186.8","720","480","driving_01_s04"
"driving_01","3737","186.85","720","480","driving_01_s04"
"driving_01","3738","186.9","720","480","driving_01_s04"
"driving_01","3739","186.95","720","480","driving_01_s04"
"driving_01","3740","187","720","480","driving_01_s04"
"driving_01","3741","187.05","720","480","driving_01_s04"
"driving_01","3742","187.1","720","480","driving_01_s04"
"driving_01","3743","187.15","720","480","driving_01_s04"
"driving_01","3744","187.2","720","480","driving_01_s04"
"driving_01","3745","187.25","720","480","driving_01_s04"
"driving_01","3746","187.3","720","480","driving_01_s04"
"driving_01","3747","187.35","720","480","driving_01_s04"
"driving_01","3748","187.4","720","480","driving_01_s04"
"driving_01","3749","187.45","720","480","driving_01_s04"
"driving_01","3750","187.5","720","480","driving_01_s04"
"driving_01","3751","187.55","720","480","driving_01_s04"
"driving_01","3752","187.6","720","480","driving_01_s04"
"driving_01","3753","187.65","720","480","driving_01_s04"
"driving_01","3754","187.7","720","480","driving_01_s04"
"driving_01","3755","187.75","720","480","driving_01_s04"
"driving_01","3756","187.8","720","480","driving_01_s04"
"driving_01","3757","187.85","720","480","driving_01_s04"
"driving_01","3758","187.9","720","480","driving_01_s04"
"driving_01","3759","187.95","720","480","driving_01_s04"
"driving_01","3760","188","720","480","driving_01_s04"
"driving_01","3761","188.05","720","480","driving_01_s04"
"driving_01","3762","188.1","720","480","driving_01_s04"
"driving_01","3763","188.15","720","480","driving_01_s04"
"driving_01","3764","188.2","720","480","driving_01_s04"
"driving_01","3765","188.25","720","480","driving_01_s04"
"driving_01","3766","188.3","720","480","driving_01_s04"
"driving_01","3767","188.35","720","480","driving_01_s04"
"driving_01","3768","188.4","720","480","driving_01_s04"
"driving_01","3769","188.45","720","480","driving_01_s04"
"driving_01","3770","188.5","720","480","driving_01_s04"
"driving_01","3771","188.55","720","480","driving_01_s04"
"driving_01","3772","188.6","720","480","driving_01_s04"
"driving_01","3773","188.65","720","480","driving_01_s04"
"driving_01","3774","188.7","720","480","driving_01_s04"
"driving_01","3775","188.75","720","480","driving_01_s04"
"driving_01","3776","188.8","720","480","driving_01_s04"
"driving_01","3777","188.85","720","480","driving_01_s04"
"driving_01","3778","188.9","720","480","driving_01_s04"
"driving_01","3779","188.95","720","480","driving_01_s04"
"driving_01","3780","189","720","480","driving_01_s04"
"driving_01","3781","189.05","720","480","driving_01_s04"
"driving_01","3782","189.1","720","480","driving_01_s04"
"driving_01","3783","189.15","720","480","driving_01_s04"
"driving_01","3784","189.2","720","480","driving_01_s04"
"driving_01","3785","189.25","720","480","driving_01_s04"
"driving_01","3786","189.3","720","480","driving_01_s04"
"driving_01","3787","189.35","720","480","driving_01_s04"
"driving_01","3788","189.4","720","480","driving_01_s04"
"driving_01","3789","189.45","720","480","driving_01_s04"
"driving_01","3790","189.5","720","480","driving_01_s04"
"driving_01","3791","189.55","720","480","driving_01_s04"
"driving_01","3792","189.6","720","480","driving_01_s04"
"driving_01","3793","189.65","720","480","driving_01_s04"
"driving_01","3794","189.7","720","480","driving_01_s04"
"driving_01","3795","189.75","720","480","driving_01_s04"
"driving_01","3796","189.8","720","480","driving_01_s04"
"driving_01","3797","189.85","720","480","driving_01_s04"
"driving_01","3798","189.9","720","480","driving_01_s04"
"driving_01","3799","189.95","720","480","driving_01_s04"
"driving_01","3800","190","720","480","driving_01_s04"
"driving_01","3801","190.05","720","480","driving_01_s04"
"driving_01","3802","190.1","720","480","driving_01_s04"
"driving_01","3803","190.15","720","480","driving_01_s04"
"driving_01","3804","190.2","720","480","driving_01_s04"
"driving_01","3805","190.25","720","480","driving_01_s04"
"driving_01","3806","190.3","720","480","driving_01_s04"
"driving_01","3807","190.35","720","480","driving_01_s04"
"driving_01","3808","190.4","720","480","driving_01_s04"
"driving_01","3809","190.45","720","480","driving_01_s04"
"driving_01","3810","190.5","720","480","driving_01_s04"
"driving_01","3811","190.55","720","480","driving_01_s04"
"driving_01","3812","190.6","720","480","driving_01_s04"
"driving_01","3813","190.65","720","480","driving_01_s04"
"driving_01","3814","190.7","720","480","driving_01_s04"
"driving_01","3815","190.75","720","480","driving_01_s04"
"driving_01","3816","190.8","720","480","driving_01_s04"
"driving_01","3817","190.85","720","480","driving_01_s04"
"driving_01","3818","190.9","720","480","driving_01_s04"
"driving_01","3819","190.95","720","480","driving_01_s04"
"driving_01","3820","191","720","480","driving_01_s04"
"driving_01","3821","191.05","720","480","driving_01_s04"
"driving_01","3822","191.1","720","480","driving_01_s04"
"driving_01","3823","191.15","720","480","driving_01_s04"
"driving_01","3824","191.2","720","480","driving_01_s04"
"driving_01","3825","191.25","720","480","driving_01_s04"
"driving_01","3826","191.3","720","480","driving_01_s04"
"driving_01","3827","191.35","720","480","driving_01_s04"
"driving_01","3828","191.4","720","480","driving_01_s04"
"driving_01","3829","191.45","720","480","driving_01_s04"
"driving_01","3830","191.5","720","480","driving_01_s04"
"driving_01","3831","191.55","720","480","driving_01_s04"
"driving_01","3832","191.6","720","480","driving_01_s04"
"driving_01","3833","191.65","720","480","driving_01_s04"
"driving_01","3834","191.7","720","480","driving_01_s04"
"driving_01","3835","191.75","720","480","driving_01_s04"
"driving_01","3836","191.8","720","480","driving_01_s04"
"driving_01","3837","191.85","720","480","driving_01_s04"
"driving_01","3838","191.9","720","480","driving_01_s04"
"driving_01","3839","191.95","720","480","driving_01_s04"
"driving_01","3840","192","720","480","driving_01_s04"
"driving_01","3841","192.05","720","480","driving_01_s04"
"driving_01","3842","192.1","720","480","driving_01_s04"
"driving_01","3843","192.15","720","480","driving_01_s04"
"driving_01","3844","192.2","720","480","driving_01_s04"
"driving_01","3845","192.25","720","480","driving_01_s04"
"driving_01","3846","192.3","720","480","driving_01_s04"
"driving_01","3847","192.35","720","480","driving_01_s04"
"driving_01","3848","192.4","720","480","driving_01_s04"
"driving_01","3849","192.45","720","480","driving_01_s04"
"driving_01","3850","192.5","720","480","driving_01_s04"
"driving_01","3851","192.55","720","480","driving_01_s04"
"driving_01","3852","192.6","720","480","driving_01_s04"
"driving_01","3853","192.65","720","480","driving_01_s04"
"driving_01","3854","192.7","720","480","driving_01_s04"
"driving_01","3855","192.75","720","480","driving_01_s04"
"driving_01","3856","192.8","720","480","driving_01_s04"
"driving_01","3857","192.85","720","480","driving_01_s04"
"driving_01","3858","192.9","720","480","driving_01_s04"
"driving_01","3859","192.95","720","480","driving_01_s04"
"driving_01","3860","193","720","480","driving_01_s04"
"driving_01","3861","193.05","720","480","driving_01_s04"
"driving_01","3862","193.1","720","480","driving_01_s04"
"driving_01","3863","193.15","720","480","driving_01_s04"
"driving_01","3864","193.2","720","480","driving_01_s04"
"driving_01","3865","193.25","720","480","driving_01_s04"
"driving_01","3866","193.3","720","480","driving_01_s04"
"driving_01","3867","193.35","720","480","driving_01_s04"
"driving_01","3868","193.4","720","480","driving_01_s04"
"driving_01","3869","193.45","720","480","driving_01_s04"
"driving_01","3870","193.5","720","480","driving_01_s04"
"driving_01","3871","193.55","720","480","driving_01_s04"
"driving_01","3872","193.6","720","480","driving_01_s04"
"driving_01","3873","193.65","720","480","driving_01_s04"
"driving_01","3874","193.7","720","480","driving_01_s04"
"driving_01","3875","193.75","720","480","driving_01_s04"
"driving_01","3876","193.8","720","480","driving_01_s04"
"driving_01","3877","193.85","720","480","driving_01_s04"
"driving_01","3878","193.9","720","480","driving_01_s04"
"driving_01","3879","193.95","720","480","driving_01_s04"
"driving_01","3880","194","720","480","driving_01_s04"
"driving_01","3881","194.05","720","480","driving_01_s04"
"driving_01","3882","194.1","720","480","driving_01_s04"
"driving_01","3883","194.15","720","480","driving_01_s04"
"driving_01","3884","194.2","720","480","driving_01_s04"
"driving_01","3885","194.25","720","480","driving_01_s04"
"driving_01","3886","194.3","720","480","driving_01_s04"
"driving_01","3887","194.35","720","480","driving_01_s04"
"driving_01","3888","194.4","720","480","driving_01_s04"
"driving_01","3889","194.45","720","480","driving_01_s04"
"driving_01","3890","194.5","720","480","driving_01_s04"
"driving_01","3891","194.55","720","480","driving_01_s04"
"driving_01","3892","194.6","720","480","driving_01_s04"
"driving_01","3893","194.65","720","480","driving_01_s04"
"driving_01","3894","194.7","720","480","driving_01_s04"
"driving_01","3895","194.75","720","480","driving_01_s04"
"driving_01","3896","194.8","720","480","driving_01_s04"
"driving_01","3897","194.85","720","480","driving_01_s04"
"driving_01","3898","194.9","720","480","driving_01_s04"
"driving_01","3899","194.95","720","480","driving_01_s04"
"driving_01","3900","195","720","480","driving_01_s04"
"driving_01","3901","195.05","720","480","driving_01_s04"
"driving_01","3902","195.1","720","480","driving_01_s04"
"driving_01","3903","195.15","720","480","driving_01_s04"
"driving_01","3904","195.2","720","480","driving_01_s04"
"driving_01","3905","195.25","720","480","driving_01_s04"
"driving_01","3906","195.3","720","480","driving_01_s04"
"driving_01","3907","195.35","720","480","driving_01_s04"
"driving_01","3908","195.4","720","480","driving_01_s04"
"driving_01","3909","195.45","720","480","driving_01_s04"
"driving_01","3910","195.5","720","480","driving_01_s04"
"driving_01","3911","195.55","720","480","driving_01_s04"
"driving_01","3912","195.6","720","480","driving_01_s04"
"driving_01","3913","195.65","720","480","driving_01_s04"
"driving_01","3914","195.7","720","480","driving_01_s04"
"driving_01","3915","195.75","720","480","driving_01_s04"
"driving_01","3916","195.8","720","480","driving_01_s04"
"driving_01","3917","195.85","720","480","driving_01_s04"
"driving_01","3918","195.9","720","480","driving_01_s04"
"driving_01","3919","195.95","720","480","driving_01_s04"
"driving_01","3920","196","720","480","driving_01_s04"
"driving_01","3921","196.05","720","480","driving_01_s04"
"driving_01","3922","196.1","720","480","driving_01_s04"
"driving_01","3923","196.15","720","480","driving_01_s04"
"driving_01","3924","196.2","720","480","driving_01_s04"
"driving_01","3925","196.25","720","480","driving_01_s04"
"driving_01","3926","196.3","720","480","driving_01_s04"
"driving_01","3927","196.35","720","480","driving_01_s04"
"driving_01","3928","196.4","720","480","driving_01_s04"
"driving_01","3929","196.45","720","480","driving_01_s04"
"driving_01","3930","196.5","720","480","driving_01_s04"
"driving_01","3931","196.55","720","480","driving_01_s04"
"driving_01","3932","196.6","720","480","driving_01_s04"
"driving_01","3933","196.65","720","480","driving_01_s04"
"driving_01","3934","196.7","720","480","driving_01_s04"
"driving_01","3935","196.75","720","480","driving_01_s04"
"driving_01","3936","196.8","720","480","driving_01_s04"
"driving_01","3937","196.85","720","480","driving_01_s04"
"driving_01","3938","196.9","720","480","driving_01_s04"
"driving_01","3939","196.95","720","480","driving_01_s04"
"driving_01","3940","197","720","480","driving_01_s04"
"driving_01","3941","197.05","720","480","driving_01_s04"
"driving_01","3942","197.1","720","480","driving_01_s04"
"driving_01","3943","197.15","720","480","driving_01_s04"
"driving_01","3944","197.2","720","480","driving_01_s04"
"driving_01","3945","197.25","720","480","driving_01_s04"
"driving_01","3946","197.3","720","480","driving_01_s04"
"driving_01","3947","197.35","720","480","driving_01_s04"
"driving_01","3948","197.4","720","480","driving_01_s04"
"driving_01","3949","197.45","720","480","driving_01_s04"
"driving_01","3950","197.5","720","480","driving_01_s04"
"driving_01","3951","197.55","720","480","driving_01_s04"
"driving_01","3952","197.6","720","480","driving_01_s04"
"driving_01","3953","197.65","720","480","driving_01_s04"
"driving_01","3954","197.7","720","480","driving_01_s04"
"driving_01","3955","197.75","720","480","driving_01_s04"
"driving_01","3956","197.8","720","480","driving_01_s04"
"driving_01","3957","197.85","720","480","driving_01_s04"
"driving_01","3958","197.9","720","480","driving_01_s04"
"driving_01","3959","197.95","720","480","driving_01_s04"
"driving_01","3960","198","720","480","driving_01_s04"
"driving_01","3961","198.05","720","480","driving_01_s04"
"driving_01","3962","198.1","720","480","driving_01_s04"
"driving_01","3963","198.15","720","480","driving_01_s04"
"driving_01","3964","198.2","720","480","driving_01_s04"
"driving_01","3965","198.25","720","480","driving_01_s04"
"driving_01","3966","198.3","720","480","driving_01_s04"
"driving_01","3967","198.35","720","480","driving_01_s04"
"driving_01","3968","198.4","720","480","driving_01_s04"
"driving_01","3969","198.45","720","480","driving_01_s04"
"driving_01","3970","198.5","720","480","driving_01_s04"
"driving_01","3971","198.55","720","480","driving_01_s04"
"driving_01","3972","198.6","720","480","driving_01_s04"
"driving_01","3973","198.65","720","480","driving_01_s04"
"driving_01","3974","198.7","720","480","driving_01_s04"
"driving_01","3975","198.75","720","480","driving_01_s04"
"driving_01","3976","198.8","720","480","driving_01_s04"
"driving_01","3977","198.85","720","480","driving_01_s04"
"driving_01","3978","198.9","720","480","driving_01_s04"
"driving_01","3979","198.95","720","480","driving_01_s04"
"driving_01","3980","199","720","480","driving_01_s04"
"driving_01","3981","199.05","720","480","driving_01_s04"
"driving_01","3982","199.1","720","480","driving_01_s04"
"driving_01","3983","199.15","720","480","driving_01_s04"
"driving_01","3984","199.2","720","480","driving_01_s04"
"driving_01","3985","199.25","720","480","driving_01_s04"
"driving_01","3986","199.3","720","480","driving_01_s04"
"driving_01","3987","199.35","720","480","driving_01_s04"
"driving_01","3988","199.4","720","480","driving_01_s04"
"driving_01","3989","199.45","720","480","driving_01_s04"
"driving_01","3990","199.5","720","480","driving_01_s04"
"driving_01","3991","199.55","720","480","driving_01_s04"
"driving_01","3992","199.6","720","480","driving_01_s04"
"driving_01","3993","199.65","720","480","driving_01_s04"
"driving_01","3994","199.7","720","480","driving_01_s04"
"driving_01","3995","199.75","720","480","driving_01_s04"
"driving_01","3996","199.8","720","480","driving_01_s04"
"driving_01","3997","199.85","720","480","driving_01_s04"
"driving_01","3998","199.9","720","480","driving_01_s04"
"driving_01","3999","199.95","720","480","driving_01_s04"
"driving_01","4000","200","720","480","driving_01_s05"
"driving_01","4001","200.05","720","480","driving_01_s05"
"driving_01","4002","200.1","720","480","driving_01_s05"
"driving_01","4003","200.15","720","480","driving_01_s05"
"driving_01","4004","200.2","720","480","driving_01_s05"
"driving_01","4005","200.25","720","480","driving_01_s05"
"driving_01","4006","200.3","720","480","driving_01_s05"
"driving_01","4007","200.35","720","480","driving_01_s05"
"driving_01","4008","200.4","720","480","driving_01_s05"
"driving_01","4009","200.45","720","480","driving_01_s05"
"driving_01","4010","200.5","720","480","driving_01_s05"
"driving_01","4011","200.55","720","480","driving_01_s05"
"driving_01","4012","200.6","720","480","driving_01_s05"
"driving_01","4013","200.65","720","480","driving_01_s05"
"driving_01","4014","200.7","720","480","driving_01_s05"
"driving_01","4015","200.75","720","480","driving_01_s05"
"driving_01","4016","200.8","720","480","driving_01_s05"
"driving_01","4017","200.85","720","480","driving_01_s05"
"driving_01","4018","200.9","720","480","driving_01_s05"
"driving_01","4019","200.95","720","480","driving_01_s05"
"driving_01","4020","201","720","480","driving_01_s05"
"driving_01","4021","201.05","720","480","driving_01_s05"
"driving_01","4022","201.1","720","480","driving_01_s05"
"driving_01","4023","201.15","720","480","driving_01_s05"
"driving_01","4024","201.2","720","480","driving_01_s05"
"driving_01","4025","201.25","720","480","driving_01_s05"
"driving_01","4026","201.3","720","480","driving_01_s05"
"driving_01","4027","201.35","720","480","driving_01_s05"
"driving_01","4028","201.4","720","480","driving_01_s05"
"driving_01","4029","201.45","720","480","driving_01_s05"
"driving_01","4030","201.5","720","480","driving_01_s05"
"driving_01","4031","201.55","720","480","driving_01_s05"
"driving_01","4032","201.6","720","480","driving_01_s05"
"driving_01","4033","201.65","720","480","driving_01_s05"
"driving_01","4034","201.7","720","480","driving_01_s05"
"driving_01","4035","201.75","720","480","driving_01_s05"
"driving_01","4036","201.8","720","480","driving_01_s05"
"driving_01","4037","201.85","720","480","driving_01_s05"
"driving_01","4038","201.9","720","480","driving_01_s05"
"driving_01","4039","201.95","720","480","driving_01_s05"
"driving_01","4040","202","720","480","driving_01_s05"
"driving_01","4041","202.05","720","480","driving_01_s05"
"driving_01","4042","202.1","720","480","driving_01_s05"
"driving_01","4043","202.15","720","480","driving_01_s05"
"driving_01","4044","202.2","720","480","driving_01_s05"
"driving_01","4045","202.25","720","480","driving_01_s05"
"driving_01","4046","202.3","720","480","driving_01_s05"
"driving_01","4047","202.35","720","480","driving_01_s05"
"driving_01","4048","202.4","720","480","driving_01_s05"
"driving_01","4049","202.45","720","480","driving_01_s05"
"driving_01","4050","202.5","720","480","driving_01_s05"
"driving_01","4051","202.55","720","480","driving_01_s05"
"driving_01","4052","202.6","720","480","driving_01_s05"
"driving_01","4053","202.65","720","480","driving_01_s05"
"driving_01","4054","202.7","720","480","driving_01_s05"
"driving_01","4055","202.75","720","480","driving_01_s05"
"driving_01","4056","202.8","720","480","driving_01_s05"
"driving_01","4057","202.85","720","480","driving_01_s05"
"driving_01","4058","202.9","720","480","driving_01_s05"
"driving_01","4059","202.95","720","480","driving_01_s05"
"driving_01","4060","203","720","480","driving_01_s05"
"driving_01","4061","203.05","720","480","driving_01_s05"
"driving_01","4062","203.1","720","480","driving_01_s05"
"driving_01","4063","203.15","720","480","driving_01_s05"
"driving_01","4064","203.2","720","480","driving_01_s05"
"driving_01","4065","203.25","720","480","driving_01_s05"
"driving_01","4066","203.3","720","480","driving_01_s05"
"driving_01","4067","203.35","720","480","driving_01_s05"
"driving_01","4068","203.4","720","480","driving_01_s05"
"driving_01","4069","203.45","720","480","driving_01_s05"
"driving_01","4070","203.5","720","480","driving_01_s05"
"driving_01","4071","203.55","720","480","driving_01_s05"
"driving_01","4072","203.6","720","480","driving_01_s05"
"driving_01","4073","203.65","720","480","driving_01_s05"
"driving_01","4074","203.7","720","480","driving_01_s05"
"driving_01","4075","203.75","720","480","driving_01_s05"
"driving_01","4076","203.8","720","480","driving_01_s05"
"driving_01","4077","203.85","720","480","driving_01_s05"
"driving_01","4078","203.9","720","480","driving_01_s05"
"driving_01","4079","203.95","720","480","driving_01_s05"
"driving_01","4080","204","720","480","driving_01_s05"
"driving_01","4081","204.05","720","480","driving_01_s05"
"driving_01","4082","204.1","720","480","driving_01_s05"
"driving_01","4083","204.15","720","480","driving_01_s05"
"driving_01","4084","204.2","720","480","driving_01_s05"
"driving_01","4085","204.25","720","480","driving_01_s05"
"driving_01","4086","204.3","720","480","driving_01_s05"
"driving_01","4087","204.35","720","480","driving_01_s05"
"driving_01","4088","204.4","720","480","driving_01_s05"
"driving_01","4089","204.45","720","480","driving_01_s05"
"driving_01","4090","204.5","720","480","driving_01_s05"
"driving_01","4091","204.55","720","480","driving_01_s05"
"driving_01","4092","204.6","720","480","driving_01_s05"
"driving_01","4093","204.65","720","480","driving_01_s05"
"driving_01","4094","204.7","720","480","driving_01_s05"
"driving_01","4095","204.75","720","480","driving_01_s05"
"driving_01","4096","204.8","720","480","driving_01_s05"
"driving_01","4097","204.85","720","480","driving_01_s05"
"driving_01","4098","204.9","720","480","driving_01_s05"
"driving_01","4099","204.95","720","480","driving_01_s05"
"driving_01","4100","205","720","480","driving_01_s05"
"driving_01","4101","205.05","720","480","driving_01_s05"
"driving_01","4102","205.1","720","480","driving_01_s05"
"driving_01","4103","205.15","720","480","driving_01_s05"
"driving_01","4104","205.2","720","480","driving_01_s05"
"driving_01","4105","205.25","720","480","driving_01_s05"
"driving_01","4106","205.3","720","480","driving_01_s05"
"driving_01","4107","205.35","720","480","driving_01_s05"
"driving_01","4108","205.4","720","480","driving_01_s05"
"driving_01","4109","205.45","720","480","driving_01_s05"
"driving_01","4110","205.5","720","480","driving_01_s05"
"driving_01","4111","205.55","720","480","driving_01_s05"
"driving_01","4112","205.6","720","480","driving_01_s05"
"driving_01","4113","205.65","720","480","driving_01_s05"
"driving_01","4114","205.7","720","480","driving_01_s05"
"driving_01","4115","205.75","720","480","driving_01_s05"
"driving_01","4116","205.8","720","480","driving_01_s05"
"driving_01","4117","205.85","720","480","driving_01_s05"
"driving_01","4118","205.9","720","480","driving_01_s05"
"driving_01","4119","205.95","720","480","driving_01_s05"
"driving_01","4120","206","720","480","driving_01_s05"
"driving_01","4121","206.05","720","480","driving_01_s05"
"driving_01","4122","206.1","720","480","driving_01_s05"
"driving_01","4123","206.15","720","480","driving_01_s05"
"driving_01","4124","206.2","720","480","driving_01_s05"
"driving_01","4125","206.25","720","480","driving_01_s05"
"driving_01","4126","206.3","720","480","driving_01_s05"
"driving_01","4127","206.35","720","480","driving_01_s05"
"driving_01","4128","206.4","720","480","driving_01_s05"
"driving_01","4129","206.45","720","480","driving_01_s05"
"driving_01","4130","206.5","720","480","driving_01_s05"
"driving_01","4131","206.55","720","480","driving_01_s05"
"driving_01","4132","206.6","720","480","driving_01_s05"
"driving_01","4133","206.65","720","480","driving_01_s05"
"driving_01","4134","206.7","720","480","driving_01_s05"
"driving_01","4135","206.75","720","480","driving_01_s05"
"driving_01","4136","206.8","720","480","driving_01_s05"
"driving_01","4137","206.85","720","480","driving_01_s05"
"driving_01","4138","206.9","720","480","driving_01_s05"
"driving_01","4139","206.95","720","480","driving_01_s05"
"driving_01","4140","207","720","480","driving_01_s05"
"driving_01","4141","207.05","720","480","driving_01_s05"
"driving_01","4142","207.1","720","480","driving_01_s05"
"driving_01","4143","207.15","720","480","driving_01_s05"
"driving_01","4144","207.2","720","480","driving_01_s05"
"driving_01","4145","207.25","720","480","driving_01_s05"
"driving_01","4146","207.3","720","480","driving_01_s05"
"driving_01","4147","207.35","720","480","driving_01_s05"
"driving_01","4148","207.4","720","480","driving_01_s05"
"driving_01","4149","207.45","720","480","driving_01_s05"
"driving_01","4150","207.5","720","480","driving_01_s05"
"driving_01","4151","207.55","720","480","driving_01_s05"
"driving_01","4152","207.6","720","480","driving_01_s05"
"driving_01","4153","207.65","720","480","driving_01_s05"
"driving_01","4154","207.7","720","480","driving_01_s05"
"driving_01","4155","207.75","720","480","driving_01_s05"
"driving_01","4156","207.8","720","480","driving_01_s05"
"driving_01","4157","207.85","720","480","driving_01_s05"
"driving_01","4158","207.9","720","480","driving_01_s05"
"driving_01","4159","207.95","720","480","driving_01_s05"
"driving_01","4160","208","720","480","driving_01_s05"
"driving_01","4161","208.05","720","480","driving_01_s05"
"driving_01","4162","208.1","720","480","driving_01_s05"
"driving_01","4163","208.15","720","480","driving_01_s05"
"driving_01","4164","208.2","720","480","driving_01_s05"
"driving_01","4165","208.25","720","480","driving_01_s05"
"driving_01","4166","208.3","720","480","driving_01_s05"
"driving_01","4167","208.35","720","480","driving_01_s05"
"driving_01","4168","208.4","720","480","driving_01_s05"
"driving_01","4169","208.45","720","480","driving_01_s05"
"driving_01","4170","208.5","720","480","driving_01_s05"
"driving_01","4171","208.55","720","480","driving_01_s05"
"driving_01","4172","208.6","720","480","driving_01_s05"
"driving_01","4173","208.65","720","480","driving_01_s05"
"driving_01","4174","208.7","720","480","driving_01_s05"
"driving_01","4175","208.75","720","480","driving_01_s05"
"driving_01","4176","208.8","720","480","driving_01_s05"
"driving_01","4177","208.85","720","480","driving_01_s05"
"driving_01","4178","208.9","720","480","driving_01_s05"
"driving_01","4179","208.95","720","480","driving_01_s05"
"driving_01","4180","209","720","480","driving_01_s05"
"driving_01","4181","209.05","720","480","driving_01_s05"
"driving_01","4182","209.1","720","480","driving_01_s05"
"driving_01","4183","209.15","720","480","driving_01_s05"
"driving_01","4184","209.2","720","480","driving_01_s05"
"driving_01","4185","209.25","720","480","driving_01_s05"
"driving_01","4186","209.3","720","480","driving_01_s05"
"driving_01","4187","209.35","720","480","driving_01_s05"
"driving_01","4188","209.4","720","480","driving_01_s05"
"driving_01","4189","209.45","720","480","driving_01_s05"
"driving_01","4190","209.5","720","480","driving_01_s05"
"driving_01","4191","209.55","720","480","driving_01_s05"
"driving_01","4192","209.6","720","480","driving_01_s05"
"driving_01","4193","209.65","720","480","driving_01_s05"
"driving_01","4194","209.7","720","480","driving_01_s05"
"driving_01","4195","209.75","720","480","driving_01_s05"
"driving_01","4196","209.8","720","480","driving_01_s05"
"driving_01","4197","209.85","720","480","driving_01_s05"
"driving_01","4198","209.9","720","480","driving_01_s05"
"driving_01","4199","209.95","720","480","driving_01_s05"
"driving_01","4200","210","720","480","driving_01_s05"
"driving_01","4201","210.05","720","480","driving_01_s05"
"driving_01","4202","210.1","720","480","driving_01_s05"
"driving_01","4203","210.15","720","480","driving_01_s05"
"driving_01","4204","210.2","720","480","driving_01_s05"
"driving_01","4205","210.25","720","480","driving_01_s05"
"driving_01","4206","210.3","720","480","driving_01_s05"
"driving_01","4207","210.35","720","480","driving_01_s05"
"driving_01","4208","210.4","720","480","driving_01_s05"
"driving_01","4209","210.45","720","480","driving_01_s05"
"driving_01","4210","210.5","720","480","driving_01_s05"
"driving_01","4211","210.55","720","480","driving_01_s05"
"driving_01","4212","210.6","720","480","driving_01_s05"
"driving_01","4213","210.65","720","480","driving_01_s05"
"driving_01","4214","210.7","720","480","driving_01_s05"
"driving_01","4215","210.75","720","480","driving_01_s05"
"driving_01","4216","210.8","720","480","driving_01_s05"
"driving_01","4217","210.85","720","480","driving_01_s05"
"driving_01","4218","210.9","720","480","driving_01_s05"
"driving_01","4219","210.95","720","480","driving_01_s05"
"driving_01","4220","211","720","480","driving_01_s05"
"driving_01","4221","211.05","720","480","driving_01_s05"
"driving_01","4222","211.1","720","480","driving_01_s05"
"driving_01","4223","211.15","720","480","driving_01_s05"
"driving_01","4224","211.2","720","480","driving_01_s05"
"driving_01","4225","211.25","720","480","driving_01_s05"
"driving_01","4226","211.3","720","480","driving_01_s05"
"driving_01","4227","211.35","720","480","driving_01_s05"
"driving_01","4228","211.4","720","480","driving_01_s05"
"driving_01","4229","211.45","720","480","driving_01_s05"
"driving_01","4230","211.5","720","480","driving_01_s05"
"driving_01","4231","211.55","720","480","driving_01_s05"
"driving_01","4232","211.6","720","480","driving_01_s05"
"driving_01","4233","211.65","720","480","driving_01_s05"
"driving_01","4234","211.7","720","480","driving_01_s05"
"driving_01","4235","211.75","720","480","driving_01_s05"
"driving_01","4236","211.8","720","480","driving_01_s05"
"driving_01","4237","211.85","720","480","driving_01_s05"
"driving_01","4238","211.9","720","480","driving_01_s05"
"driving_01","4239","211.95","720","480","driving_01_s05"
"driving_01","4240","212","720","480","driving_01_s05"
"driving_01","4241","212.05","720","480","driving_01_s05"
"driving_01","4242","212.1","720","480","driving_01_s05"
"driving_01","4243","212.15","720","480","driving_01_s05"
"driving_01","4244","212.2","720","480","driving_01_s05"
"driving_01","4245","212.25","720","480","driving_01_s05"
"driving_01","4246","212.3","720","480","driving_01_s05"
"driving_01","4247","212.35","720","480","driving_01_s05"
"driving_01","4248","212.4","720","480","driving_01_s05"
"driving_01","4249","212.45","720","480","driving_01_s05"
"driving_01","4250","212.5","720","480","driving_01_s05"
"driving_01","4251","212.55","720","480","driving_01_s05"
"driving_01","4252","212.6","720","480","driving_01_s05"
"driving_01","4253","212.65","720","480","driving_01_s05"
"driving_01","4254","212.7","720","480","driving_01_s05"
"driving_01","4255","212.75","720","480","driving_01_s05"
"driving_01","4256","212.8","720","480","driving_01_s05"
"driving_01","4257","212.85","720","480","driving_01_s05"
"driving_01","4258","212.9","720","480","driving_01_s05"
"driving_01","4259","212.95","720","480","driving_01_s05"
"driving_01","4260","213","720","480","driving_01_s05"
"driving_01","4261","213.05","720","480","driving_01_s05"
"driving_01","4262","213.1","720","480","driving_01_s05"
"driving_01","4263","213.15","720","480","driving_01_s05"
"driving_01","4264","213.2","720","480","driving_01_s05"
"driving_01","4265","213.25","720","480","driving_01_s05"
"driving_01","4266","213.3","720","480","driving_01_s05"
"driving_01","4267","213.35","720","480","driving_01_s05"
"driving_01","4268","213.4","720","480","driving_01_s05"
"driving_01","4269","213.45","720","480","driving_01_s05"
"driving_01","4270","213.5","720","480","driving_01_s05"
"driving_01","4271","213.55","720","480","driving_01_s05"
"driving_01","4272","213.6","720","480","driving_01_s05"
"driving_01","4273","213.65","720","480","driving_01_s05"
"driving_01","4274","213.7","720","480","driving_01_s05"
"driving_01","4275","213.75","720","480","driving_01_s05"
"driving_01","4276","213.8","720","480","driving_01_s05"
"driving_01","4277","213.85","720","480","driving_01_s05"
"driving_01","4278","213.9","720","480","driving_01_s05"
"driving_01","4279","213.95","720","480","driving_01_s05"
"driving_01","4280","214","720","480","driving_01_s05"
"driving_01","4281","214.05","720","480","driving_01_s05"
"driving_01","4282","214.1","720","480","driving_01_s05"
"driving_01","4283","214.15","720","480","driving_01_s05"
"driving_01","4284","214.2","720","480","driving_01_s05"
"driving_01","4285","214.25","720","480","driving_01_s05"
"driving_01","4286","214.3","720","480","driving_01_s05"
"driving_01","4287","214.35","720","480","driving_01_s05"
"driving_01","4288","214.4","720","480","driving_01_s05"
"driving_01","4289","214.45","720","480","driving_01_s05"
"driving_01","4290","214.5","720","480","driving_01_s05"
"driving_01","4291","214.55","720","480","driving_01_s05"
"driving_01","4292","214.6","720","480","driving_01_s05"
"driving_01","4293","214.65","720","480","driving_01_s05"
"driving_01","4294","214.7","720","480","driving_01_s05"
"driving_01","4295","214.75","720","480","driving_01_s05"
"driving_01","4296","214.8","720","480","driving_01_s05"
"driving_01","4297","214.85","720","480","driving_01_s05"
"driving_01","4298","214.9","720","480","driving_01_s05"
"driving_01","4299","214.95","720","480","driving_01_s05"
"driving_01","4300","215","720","480","driving_01_s05"
"driving_01","4301","215.05","720","480","driving_01_s05"
"driving_01","4302","215.1","720","480","driving_01_s05"
"driving_01","4303","215.15","720","480","driving_01_s05"
"driving_01","4304","215.2","720","480","driving_01_s05"
"driving_01","4305","215.25","720","480","driving_01_s05"
"driving_01","4306","215.3","720","480","driving_01_s05"
"driving_01","4307","215.35","720","480","driving_01_s05"
"driving_01","4308","215.4","720","480","driving_01_s05"
"driving_01","4309","215.45","720","480","driving_01_s05"
"driving_01","4310","215.5","720","480","driving_01_s05"
"driving_01","4311","215.55","720","480","driving_01_s05"
"driving_01","4312","215.6","720","480","driving_01_s05"
"driving_01","4313","215.65","720","480","driving_01_s05"
"driving_01","4314","215.7","720","480","driving_01_s05"
"driving_01","4315","215.75","720","480","driving_01_s05"
"driving_01","4316","215.8","720","480","driving_01_s05"
"driving_01","4317","215.85","720","480","driving_01_s05"
"driving_01","4318","215.9","720","480","driving_01_s05"
"driving_01","4319","215.95","720","480","driving_01_s05"
"driving_01","4320","216","720","480","driving_01_s05"
"driving_01","4321","216.05","720","480","driving_01_s05"
"driving_01","4322","216.1","720","480","driving_01_s05"
"driving_01","4323","216.15","720","480","driving_01_s05"
"driving_01","4324","216.2","720","480","driving_01_s05"
"driving_01","4325","216.25","720","480","driving_01_s05"
"driving_01","4326","216.3","720","480","driving_01_s05"
"driving_01","4327","216.35","720","480","driving_01_s05"
"driving_01","4328","216.4","720","480","driving_01_s05"
"driving_01","4329","216.45","720","480","driving_01_s05"
"driving_01","4330","216.5","720","480","driving_01_s05"
"driving_01","4331","216.55","720","480","driving_01_s05"
"driving_01","4332","216.6","720","480","driving_01_s05"
"driving_01","4333","216.65","720","480","driving_01_s05"
"driving_01","4334","216.7","720","480","driving_01_s05"
"driving_01","4335","216.75","720","480","driving_01_s05"
"driving_01","4336","216.8","720","480","driving_01_s05"
"driving_01","4337","216.85","720","480","driving_01_s05"
"driving_01","4338","216.9","720","480","driving_01_s05"
"driving_01","4339","216.95","720","480","driving_01_s05"
"driving_01","4340","217","720","480","driving_01_s05"
"driving_01","4341","217.05","720","480","driving_01_s05"
"driving_01","4342","217.1","720","480","driving_01_s05"
"driving_01","4343","217.15","720","480","driving_01_s05"
"driving_01","4344","217.2","720","480","driving_01_s05"
"driving_01","4345","217.25","720","480","driving_01_s05"
"driving_01","4346","217.3","720","480","driving_01_s05"
"driving_01","4347","217.35","720","480","driving_01_s05"
"driving_01","4348","217.4","720","480","driving_01_s05"
"driving_01","4349","217.45","720","480","driving_01_s05"
"driving_01","4350","217.5","720","480","driving_01_s05"
"driving_01","4351","217.55","720","480","driving_01_s05"
"driving_01","4352","217.6","720","480","driving_01_s05"
"driving_01","4353","217.65","720","480","driving_01_s05"
"driving_01","4354","217.7","720","480","driving_01_s05"
"driving_01","4355","217.75","720","480","driving_01_s05"
"driving_01","4356","217.8","720","480","driving_01_s05"
"driving_01","4357","217.85","720","480","driving_01_s05"
"driving_01","4358","217.9","720","480","driving_01_s05"
"driving_01","4359","217.95","720","480","driving_01_s05"
"driving_01","4360","218","720","480","driving_01_s05"
"driving_01","4361","218.05","720","480","driving_01_s05"
"driving_01","4362","218.1","720","480","driving_01_s05"
"driving_01","4363","218.15","720","480","driving_01_s05"
"driving_01","4364","218.2","720","480","driving_01_s05"
"driving_01","4365","218.25","720","480","driving_01_s05"
"driving_01","4366","218.3","720","480","driving_01_s05"
"driving_01","4367","218.35","720","480","driving_01_s05"
"driving_01","4368","218.4","720","480","driving_01_s05"
"driving_01","4369","218.45","720","480","driving_01_s05"
"driving_01","4370","218.5","720","480","driving_01_s05"
"driving_01","4371","218.55","720","480","driving_01_s05"
"driving_01","4372","218.6","720","480","driving_01_s05"
"driving_01","4373","218.65","720","480","driving_01_s05"
"driving_01","4374","218.7","720","480","driving_01_s05"
"driving_01","4375","218.75","720","480","driving_01_s05"
"driving_01","4376","218.8","720","480","driving_01_s05"
"driving_01","4377","218.85","720","480","driving_01_s05"
"driving_01","4378","218.9","720","480","driving_01_s05"
"driving_01","4379","218.95","720","480","driving_01_s05"
"driving_01","4380","219","720","480","driving_01_s05"
"driving_01","4381","219.05","720","480","driving_01_s05"
"driving_01","4382","219.1","720","480","driving_01_s05"
"driving_01","4383","219.15","720","480","driving_01_s05"
"driving_01","4384","219.2","720","480","driving_01_s05"
"driving_01","4385","219.25","720","480","driving_01_s05"
"driving_01","4386","219.3","720","480","driving_01_s05"
"driving_01","4387","219.35","720","480","driving_01_s05"
"driving_01","4388","219.4","720","480","driving_01_s05"
"driving_01","4389","219.45","720","480","driving_01_s05"
"driving_01","4390","219.5","720","480","driving_01_s05"
"driving_01","4391","219.55","720","480","driving_01_s05"
"driving_01","4392","219.6","720","480","driving_01_s05"
"driving_01","4393","219.65","720","480","driving_01_s05"
"driving_01","4394","219.7","720","480","driving_01_s05"
"driving_01","4395","219.75","720","480","driving_01_s05"
"driving_01","4396","219.8","720","480","driving_01_s05"
"driving_01","4397","219.85","720","480","driving_01_s05"
"driving_01","4398","219.9","720","480","driving_01_s05"
"driving_01","4399","219.95","720","480","driving_01_s05"
"driving_01","4400","220","720","480","driving_01_s05"
"driving_01","4401","220.05","720","480","driving_01_s05"
"driving_01","4402","220.1","720","480","driving_01_s05"
"driving_01","4403","220.15","720","480","driving_01_s05"
"driving_01","4404","220.2","720","480","driving_01_s05"
"driving_01","4405","220.25","720","480","driving_01_s05"
"driving_01","4406","220.3","720","480","driving_01_s05"
"driving_01","4407","220.35","720","480","driving_01_s05"
"driving_01","4408","220.4","720","480","driving_01_s05"
"driving_01","4409","220.45","720","480","driving_01_s05"
"driving_01","4410","220.5","720","480","driving_01_s05"
"driving_01","4411","220.55","720","480","driving_01_s05"
"driving_01","4412","220.6","720","480","driving_01_s05"
"driving_01","4413","220.65","720","480","driving_01_s05"
"driving_01","4414","220.7","720","480","driving_01_s05"
"driving_01","4415","220.75","720","480","driving_01_s05"
"driving_01","4416","220.8","720","480","driving_01_s05"
"driving_01","4417","220.85","720","480","driving_01_s05"
"driving_01","4418","220.9","720","480","driving_01_s05"
"driving_01","4419","220.95","720","480","driving_01_s05"
"driving_01","4420","221","720","480","driving_01_s05"
"driving_01","4421","221.05","720","480","driving_01_s05"
"driving_01","4422","221.1","720","480","driving_01_s05"
"driving_01","4423","221.15","720","480","driving_01_s05"
"driving_01","4424","221.2","720","480","driving_01_s05"
"driving_01","4425","221.25","720","480","driving_01_s05"
"driving_01","4426","221.3","720","480","driving_01_s05"
"driving_01","4427","221.35","720","480","driving_01_s05"
"driving_01","4428","221.4","720","480","driving_01_s05"
"driving_01","4429","221.45","720","480","driving_01_s05"
"driving_01","4430","221.5","720","480","driving_01_s05"
"driving_01","4431","221.55","720","480","driving_01_s05"
"driving_01","4432","221.6","720","480","driving_01_s05"
"driving_01","4433","221.65","720","480","driving_01_s05"
"driving_01","4434","221.7","720","480","driving_01_s05"
"driving_01","4435","221.75","720","480","driving_01_s05"
"driving_01","4436","221.8","720","480","driving_01_s05"
"driving_01","4437","221.85","720","480","driving_01_s05"
"driving_01","4438","221.9","720","480","driving_01_s05"
"driving_01","4439","221.95","720","480","driving_01_s05"
"driving_01","4440","222","720","480","driving_01_s05"
"driving_01","4441","222.05","720","480","driving_01_s05"
"driving_01","4442","222.1","720","480","driving_01_s05"
"driving_01","4443","222.15","720","480","driving_01_s05"
"driving_01","4444","222.2","720","480","driving_01_s05"
"driving_01","4445","222.25","720","480","driving_01_s05"
"driving_01","4446","222.3","720","480","driving_01_s05"
"driving_01","4447","222.35","720","480","driving_01_s05"
"driving_01","4448","222.4","720","480","driving_01_s05"
"driving_01","4449","222.45","720","480","driving_01_s05"
"driving_01","4450","222.5","720","480","driving_01_s05"
"driving_01","4451","222.55","720","480","driving_01_s05"
"driving_01","4452","222.6","720","480","driving_01_s05"
"driving_01","4453","222.65","720","480","driving_01_s05"
"driving_01","4454","222.7","720","480","driving_01_s05"
"driving_01","4455","222.75","720","480","driving_01_s05"
"driving_01","4456","222.8","720","480","driving_01_s05"
"driving_01","4457","222.85","720","480","driving_01_s05"
"driving_01","4458","222.9","720","480","driving_01_s05"
"driving_01","4459","222.95","720","480","driving_01_s05"
"driving_01","4460","223","720","480","driving_01_s05"
"driving_01","4461","223.05","720","480","driving_01_s05"
"driving_01","4462","223.1","720","480","driving_01_s05"
"driving_01","4463","223.15","720","480","driving_01_s05"
"driving_01","4464","223.2","720","480","driving_01_s05"
"driving_01","4465","223.25","720","480","driving_01_s05"
"driving_01","4466","223.3","720","480","driving_01_s05"
"driving_01","4467","223.35","720","480","driving_01_s05"
"driving_01","4468","223.4","720","480","driving_01_s05"
"driving_01","4469","223.45","720","480","driving_01_s05"
"driving_01","4470","223.5","720","480","driving_01_s05"
"driving_01","4471","223.55","720","480","driving_01_s05"
"driving_01","4472","223.6","720","480","driving_01_s05"
"driving_01","4473","223.65","720","480","driving_01_s05"
"driving_01","4474","223.7","720","480","driving_01_s05"
"driving_01","4475","223.75","720","480","driving_01_s05"
"driving_01","4476","223.8","720","480","driving_01_s05"
"driving_01","4477","223.85","720","480","driving_01_s05"
"driving_01","4478","223.9","720","480","driving_01_s05"
"driving_01","4479","223.95","720","480","driving_01_s05"
"driving_01","4480","224","720","480","driving_01_s05"
"driving_01","4481","224.05","720","480","driving_01_s05"
"driving_01","4482","224.1","720","480","driving_01_s05"
"driving_01","4483","224.15","720","480","driving_01_s05"
"driving_01","4484","224.2","720","480","driving_01_s05"
"driving_01","4485","224.25","720","480","driving_01_s05"
"driving_01","4486","224.3","720","480","driving_01_s05"
"driving_01","4487","224.35","720","480","driving_01_s05"
"driving_01","4488","224.4","720","480","driving_01_s05"
"driving_01","4489","224.45","720","480","driving_01_s05"
"driving_01","4490","224.5","720","480","driving_01_s05"
"driving_01","4491","224.55","720","480","driving_01_s05"
"driving_01","4492","224.6","720","480","driving_01_s05"
"driving_01","4493","224.65","720","480","driving_01_s05"
"driving_01","4494","224.7","720","480","driving_01_s05"
"driving_01","4495","224.75","720","480","driving_01_s05"
"driving_01","4496","224.8","720","480","driving_01_s05"
"driving_01","4497","224.85","720","480","driving_01_s05"
"driving_01","4498","224.9","720","480","driving_01_s05"
"driving_01","4499","224.95","720","480","driving_01_s05"
"driving_01","4500","225","720","480","driving_01_s05"
"driving_01","4501","225.05","720","480","driving_01_s05"
"driving_01","4502","225.1","720","480","driving_01_s05"
"driving_01","4503","225.15","720","480","driving_01_s05"
"driving_01","4504","225.2","720","480","driving_01_s05"
"driving_01","4505","225.25","720","480","driving_01_s05"
"driving_01","4506","225.3","720","480","driving_01_s05"
"driving_01","4507","225.35","720","480","driving_01_s05"
"driving_01","4508","225.4","720","480","driving_01_s05"
"driving_01","4509","225.45","720","480","driving_01_s05"
"driving_01","4510","225.5","720","480","driving_01_s05"
"driving_01","4511","225.55","720","480","driving_01_s05"
"driving_01","4512","225.6","720","480","driving_01_s05"
"driving_01","4513","225.65","720","480","driving_01_s05"
"driving_01","4514","225.7","720","480","driving_01_s05"
"driving_01","4515","225.75","720","480","driving_01_s05"
"driving_01","4516","225.8","720","480","driving_01_s05"
"driving_01","4517","225.85","720","480","driving_01_s05"
"driving_01","4518","225.9","720","480","driving_01_s05"
"driving_01","4519","225.95","720","480","driving_01_s05"
"driving_01","4520","226","720","480","driving_01_s05"
"driving_01","4521","226.05","720","480","driving_01_s05"
"driving_01","4522","226.1","720","480","driving_01_s05"
"driving_01","4523","226.15","720","480","driving_01_s05"
"driving_01","4524","226.2","720","480","driving_01_s05"
"driving_01","4525","226.25","720","480","driving_01_s05"
"driving_01","4526","226.3","720","480","driving_01_s05"
"driving_01","4527","226.35","720","480","driving_01_s05"
"driving_01","4528","226.4","720","480","driving_01_s05"
"driving_01","4529","226.45","720","480","driving_01_s05"
"driving_01","4530","226.5","720","480","driving_01_s05"
"driving_01","4531","226.55","720","480","driving_01_s05"
"driving_01","4532","226.6","720","480","driving_01_s05"
"driving_01","4533","226.65","720","480","driving_01_s05"
"driving_01","4534","226.7","720","480","driving_01_s05"
"driving_01","4535","226.75","720","480","driving_01_s05"
"driving_01","4536","226.8","720","480","driving_01_s05"
"driving_01","4537","226.85","720","480","driving_01_s05"
"driving_01","4538","226.9","720","480","driving_01_s05"
"driving_01","4539","226.95","720","480","driving_01_s05"
"driving_01","4540","227","720","480","driving_01_s05"
"driving_01","4541","227.05","720","480","driving_01_s05"
"driving_01","4542","227.1","720","480","driving_01_s05"
"driving_01","4543","227.15","720","480","driving_01_s05"
"driving_01","4544","227.2","720","480","driving_01_s05"
"driving_01","4545","227.25","720","480","driving_01_s05"
"driving_01","4546","227.3","720","480","driving_01_s05"
"driving_01","4547","227.35","720","480","driving_01_s05"
"driving_01","4548","227.4","720","480","driving_01_s05"
"driving_01","4549","227.45","720","480","driving_01_s05"
"driving_01","4550","227.5","720","480","driving_01_s05"
"driving_01","4551","227.55","720","480","driving_01_s05"
"driving_01","4552","227.6","720","480","driving_01_s05"
"driving_01","4553","227.65","720","480","driving_01_s05"
"driving_01","4554","227.7","720","480","driving_01_s05"
"driving_01","4555","227.75","720","480","driving_01_s05"
"driving_01","4556","227.8","720","480","driving_01_s05"
"driving_01","4557","227.85","720","480","driving_01_s05"
"driving_01","4558","227.9","720","480","driving_01_s05"
"driving_01","4559","227.95","720","480","driving_01_s05"
"driving_01","4560","228","720","480","driving_01_s05"
"driving_01","4561","228.05","720","480","driving_01_s05"
"driving_01","4562","228.1","720","480","driving_01_s05"
"driving_01","4563","228.15","720","480","driving_01_s05"
"driving_01","4564","228.2","720","480","driving_01_s05"
"driving_01","4565","228.25","720","480","driving_01_s05"
"driving_01","4566","228.3","720","480","driving_01_s05"
"driving_01","4567","228.35","720","480","driving_01_s05"
"driving_01","4568","228.4","720","480","driving_01_s05"
"driving_01","4569","228.45","720","480","driving_01_s05"
"driving_01","4570","228.5","720","480","driving_01_s05"
"driving_01","4571","228.55","720","480","driving_01_s05"
"driving_01","4572","228.6","720","480","driving_01_s05"
"driving_01","4573","228.65","720","480","driving_01_s05"
"driving_01","4574","228.7","720","480","driving_01_s05"
"driving_01","4575","228.75","720","480","driving_01_s05"
"driving_01","4576","228.8","720","480","driving_01_s05"
"driving_01","4577","228.85","720","480","driving_01_s05"
"driving_01","4578","228.9","720","480","driving_01_s05"
"driving_01","4579","228.95","720","480","driving_01_s05"
"driving_01","4580","229","720","480","driving_01_s05"
"driving_01","4581","229.05","720","480","driving_01_s05"
"driving_01","4582","229.1","720","480","driving_01_s05"
"driving_01","4583","229.15","720","480","driving_01_s05"
"driving_01","4584","229.2","720","480","driving_01_s05"
"driving_01","4585","229.25","720","480","driving_01_s05"
"driving_01","4586","229.3","720","480","driving_01_s05"
"driving_01","4587","229.35","720","480","driving_01_s05"
"driving_01","4588","229.4","720","480","driving_01_s05"
"driving_01","4589","229.45","720","480","driving_01_s05"
"driving_01","4590","229.5","720","480","driving_01_s05"
"driving_01","4591","229.55","720","480","driving_01_s05"
"driving_01","4592","229.6","720","480","driving_01_s05"
"driving_01","4593","229.65","720","480","driving_01_s05"
"driving_01","4594","229.7","720","480","driving_01_s05"
"driving_01","4595","229.75","720","480","driving_01_s05"
"driving_01","4596","229.8","720","480","driving_01_s05"
"driving_01","4597","229.85","720","480","driving_01_s05"
"driving_01","4598","229.9","720","480","driving_01_s05"
"driving_01","4599","229.95","720","480","driving_01_s05"
"driving_01","4600","230","720","480","driving_01_s05"
"driving_01","4601","230.05","720","480","driving_01_s05"
"driving_01","4602","230.1","720","480","driving_01_s05"
"driving_01","4603","230.15","720","480","driving_01_s05"
"driving_01","4604","230.2","720","480","driving_01_s05"
"driving_01","4605","230.25","720","480","driving_01_s05"
"driving_01","4606","230.3","720","480","driving_01_s05"
"driving_01","4607","230.35","720","480","driving_01_s05"
"driving_01","4608","230.4","720","480","driving_01_s05"
"driving_01","4609","230.45","720","480","driving_01_s05"
"driving_01","4610","230.5","720","480","driving_01_s05"
"driving_01","4611","230.55","720","480","driving_01_s05"
"driving_01","4612","230.6","720","480","driving_01_s05"
"driving_01","4613","230.65","720","480","driving_01_s05"
"driving_01","4614","230.7","720","480","driving_01_s05"
"driving_01","4615","230.75","720","480","driving_01_s05"
"driving_01","4616","230.8","720","480","driving_01_s05"
"driving_01","4617","230.85","720","480","driving_01_s05"
"driving_01","4618","230.9","720","480","driving_01_s05"
"driving_01","4619","230.95","720","480","driving_01_s05"
"driving_01","4620","231","720","480","driving_01_s05"
"driving_01","4621","231.05","720","480","driving_01_s05"
"driving_01","4622","231.1","720","480","driving_01_s05"
"driving_01","4623","231.15","720","480","driving_01_s05"
"driving_01","4624","231.2","720","480","driving_01_s05"
"driving_01","4625","231.25","720","480","driving_01_s05"
"driving_01","4626","231.3","720","480","driving_01_s05"
"driving_01","4627","231.35","720","480","driving_01_s05"
"driving_01","4628","231.4","720","480","driving_01_s05"
"driving_01","4629","231.45","720","480","driving_01_s05"
"driving_01","4630","231.5","720","480","driving_01_s05"
"driving_01","4631","231.55","720","480","driving_01_s05"
"driving_01","4632","231.6","720","480","driving_01_s05"
"driving_01","4633","231.65","720","480","driving_01_s05"
"driving_01","4634","231.7","720","480","driving_01_s05"
"driving_01","4635","231.75","720","480","driving_01_s05"
"driving_01","4636","231.8","720","480","driving_01_s05"
"driving_01","4637","231.85","720","480","driving_01_s05"
"driving_01","4638","231.9","720","480","driving_01_s05"
"driving_01","4639","231.95","720","480","driving_01_s05"
"driving_01","4640","232","720","480","driving_01_s05"
"driving_01","4641","232.05","720","480","driving_01_s05"
"driving_01","4642","232.1","720","480","driving_01_s05"
"driving_01","4643","232.15","720","480","driving_01_s05"
"driving_01","4644","232.2","720","480","driving_01_s05"
"driving_01","4645","232.25","720","480","driving_01_s05"
"driving_01","4646","232.3","720","480","driving_01_s05"
"driving_01","4647","232.35","720","480","driving_01_s05"
"driving_01","4648","232.4","720","480","driving_01_s05"
"driving_01","4649","232.45","720","480","driving_01_s05"
"driving_01","4650","232.5","720","480","driving_01_s05"
"driving_01","4651","232.55","720","480","driving_01_s05"
"driving_01","4652","232.6","720","480","driving_01_s05"
"driving_01","4653","232.65","720","480","driving_01_s05"
"driving_01","4654","232.7","720","480","driving_01_s05"
"driving_01","4655","232.75","720","480","driving_01_s05"
"driving_01","4656","232.8","720","480","driving_01_s05"
"driving_01","4657","232.85","720","480","driving_01_s05"
"driving_01","4658","232.9","720","480","driving_01_s05"
"driving_01","4659","232.95","720","480","driving_01_s05"
"driving_01","4660","233","720","480","driving_01_s05"
"driving_01","4661","233.05","720","480","driving_01_s05"
"driving_01","4662","233.1","720","480","driving_01_s05"
"driving_01","4663","233.15","720","480","driving_01_s05"
"driving_01","4664","233.2","720","480","driving_01_s05"
"driving_01","4665","233.25","720","480","driving_01_s05"
"driving_01","4666","233.3","720","480","driving_01_s05"
"driving_01","4667","233.35","720","480","driving_01_s05"
"driving_01","4668","233.4","720","480","driving_01_s05"
"driving_01","4669","233.45","720","480","driving_01_s05"
"driving_01","4670","233.5","720","480","driving_01_s05"
"driving_01","4671","233.55","720","480","driving_01_s05"
"driving_01","4672","233.6","720","480","driving_01_s05"
"driving_01","4673","233.65","720","480","driving_01_s05"
"driving_01","4674","233.7","720","480","driving_01_s05"
"driving_01","4675","233.75","720","480","driving_01_s05"
"driving_01","4676","233.8","720","480","driving_01_s05"
"driving_01","4677","233.85","720","480","driving_01_s05"
"driving_01","4678","233.9","720","480","driving_01_s05"
"driving_01","4679","233.95","720","480","driving_01_s05"
"driving_01","4680","234","720","480","driving_01_s05"
"driving_01","4681","234.05","720","480","driving_01_s05"
"driving_01","4682","234.1","720","480","driving_01_s05"
"driving_01","4683","234.15","720","480","driving_01_s05"
"driving_01","4684","234.2","720","480","driving_01_s05"
"driving_01","4685","234.25","720","480","driving_01_s05"
"driving_01","4686","234.3","720","480","driving_01_s05"
"driving_01","4687","234.35","720","480","driving_01_s05"
"driving_01","4688","234.4","720","480","driving_01_s05"
"driving_01","4689","234.45","720","480","driving_01_s05"
"driving_01","4690","234.5","720","480","driving_01_s05"
"driving_01","4691","234.55","720","480","driving_01_s05"
"driving_01","4692","234.6","720","480","driving_01_s05"
"driving_01","4693","234.65","720","480","driving_01_s05"
"driving_01","4694","234.7","720","480","driving_01_s05"
"driving_01","4695","234.75","720","480","driving_01_s05"
"driving_01","4696","234.8","720","480","driving_01_s05"
"driving_01","4697","234.85","720","480","driving_01_s05"
"driving_01","4698","234.9","720","480","driving_01_s05"
"driving_01","4699","234.95","720","480","driving_01_s05"
"driving_01","4700","235","720","480","driving_01_s05"
"driving_01","4701","235.05","720","480","driving_01_s05"
"driving_01","4702","235.1","720","480","driving_01_s05"
"driving_01","4703","235.15","720","480","driving_01_s05"
"driving_01","4704","235.2","720","480","driving_01_s05"
"driving_01","4705","235.25","720","480","driving_01_s05"
"driving_01","4706","235.3","720","480","driving_01_s05"
"driving_01","4707","235.35","720","480","driving_01_s05"
"driving_01","4708","235.4","720","480","driving_01_s05"
"driving_01","4709","235.45","720","480","driving_01_s05"
"driving_01","4710","235.5","720","480","driving_01_s05"
"driving_01","4711","235.55","720","480","driving_01_s05"
"driving_01","4712","235.6","720","480","driving_01_s05"
"driving_01","4713","235.65","720","480","driving_01_s05"
"driving_01","4714","235.7","720","480","driving_01_s05"
"driving_01","4715","235.75","720","480","driving_01_s05"
"driving_01","4716","235.8","720","480","driving_01_s05"
"driving_01","4717","235.85","720","480","driving_01_s05"
"driving_01","4718","235.9","720","480","driving_01_s05"
"driving_01","4719","235.95","720","480","driving_01_s05"
"driving_01","4720","236","720","480","driving_01_s05"
"driving_01","4721","236.05","720","480","driving_01_s05"
"driving_01","4722","236.1","720","480","driving_01_s05"
"driving_01","4723","236.15","720","480","driving_01_s05"
"driving_01","4724","236.2","720","480","driving_01_s05"
"driving_01","4725","236.25","720","480","driving_01_s05"
"driving_01","4726","236.3","720","480","driving_01_s05"
"driving_01","4727","236.35","720","480","driving_01_s05"
"driving_01","4728","236.4","720","480","driving_01_s05"
"driving_01","4729","236.45","720","480","driving_01_s05"
"driving_01","4730","236.5","720","480","driving_01_s05"
"driving_01","4731","236.55","720","480","driving_01_s05"
"driving_01","4732","236.6","720","480","driving_01_s05"
"driving_01","4733","236.65","720","480","driving_01_s05"
"driving_01","4734","236.7","720","480","driving_01_s05"
"driving_01","4735","236.75","720","480","driving_01_s05"
"driving_01","4736","236.8","720","480","driving_01_s05"
"driving_01","4737","236.85","720","480","driving_01_s05"
"driving_01","4738","236.9","720","480","driving_01_s05"
"driving_01","4739","236.95","720","480","driving_01_s05"
"driving_01","4740","237","720","480","driving_01_s05"
"driving_01","4741","237.05","720","480","driving_01_s05"
"driving_01","4742","237.1","720","480","driving_01_s05"
"driving_01","4743","237.15","720","480","driving_01_s05"
"driving_01","4744","237.2","720","480","driving_01_s05"
"driving_01","4745","237.25","720","480","driving_01_s05"
"driving_01","4746","237.3","720","480","driving_01_s05"
"driving_01","4747","237.35","720","480","driving_01_s05"
"driving_01","4748","237.4","720","480","driving_01_s05"
"driving_01","4749","237.45","720","480","driving_01_s05"
"driving_01","4750","237.5","720","480","driving_01_s05"
"driving_01","4751","237.55","720","480","driving_01_s05"
"driving_01","4752","237.6","720","480","driving_01_s05"
"driving_01","4753","237.65","720","480","driving_01_s05"
"driving_01","4754","237.7","720","480","driving_01_s05"
"driving_01","4755","237.75","720","480","driving_01_s05"
"driving_01","4756","237.8","720","480","driving_01_s05"
"driving_01","4757","237.85","720","480","driving_01_s05"
"driving_01","4758","237.9","720","480","driving_01_s05"
"driving_01","4759","237.95","720","480","driving_01_s05"
"driving_01","4760","238","720","480","driving_01_s05"
"driving_01","4761","238.05","720","480","driving_01_s05"
"driving_01","4762","238.1","720","480","driving_01_s05"
"driving_01","4763","238.15","720","480","driving_01_s05"
"driving_01","4764","238.2","720","480","driving_01_s05"
"driving_01","4765","238.25","720","480","driving_01_s05"
"driving_01","4766","238.3","720","480","driving_01_s05"
"driving_01","4767","238.35","720","480","driving_01_s05"
"driving_01","4768","238.4","720","480","driving_01_s05"
"driving_01","4769","238.45","720","480","driving_01_s05"
"driving_01","4770","238.5","720","480","driving_01_s05"
"driving_01","4771","238.55","720","480","driving_01_s05"
"driving_01","4772","238.6","720","480","driving_01_s05"
"driving_01","4773","238.65","720","480","driving_01_s05"
"driving_01","4774","238.7","720","480","driving_01_s05"
"driving_01","4775","238.75","720","480","driving_01_s05"
"driving_01","4776","238.8","720","480","driving_01_s05"
"driving_01","4777","238.85","720","480","driving_01_s05"
"driving_01","4778","238.9","720","480","driving_01_s05"
"driving_01","4779","238.95","720","480","driving_01_s05"
"driving_01","4780","239","720","480","driving_01_s05"
"driving_01","4781","239.05","720","480","driving_01_s05"
"driving_01","4782","239.1","720","480","driving_01_s05"
"driving_01","4783","239.15","720","480","driving_01_s05"
"driving_01","4784","239.2","720","480","driving_01_s05"
"driving_01","4785","239.25","720","480","driving_01_s05"
"driving_01","4786","239.3","720","480","driving_01_s05"
"driving_01","4787","239.35","720","480","driving_01_s05"
"driving_01","4788","239.4","720","480","driving_01_s05"
"driving_01","4789","239.45","720","480","driving_01_s05"
"driving_01","4790","239.5","720","480","driving_01_s05"
"driving_01","4791","239.55","720","480","driving_01_s05"
"driving_01","4792","239.6","720","480","driving_01_s05"
"driving_01","4793","239.65","720","480","driving_01_s05"
"driving_01","4794","239.7","720","480","driving_01_s05"
"driving_01","4795","239.75","720","480","driving_01_s05"
"driving_01","4796","239.8","720","480","driving_01_s05"
"driving_01","4797","239.85","720","480","driving_01_s05"
"driving_01","4798","239.9","720","480","driving_01_s05"
"driving_01","4799","239.95","720","480","driving_01_s05"
"driving_01","4800","240","720","480","driving_01_s05"
"driving_01","4801","240.05","720","480","driving_01_s05"
"driving_01","4802","240.1","720","480","driving_01_s05"
"driving_01","4803","240.15","720","480","driving_01_s05"
"driving_01","4804","240.2","720","480","driving_01_s05"
"driving_01","4805","240.25","720","480","driving_01_s05"
"driving_01","4806","240.3","720","480","driving_01_s05"
"driving_01","4807","240.35","720","480","driving_01_s05"
"driving_01","4808","240.4","720","480","driving_01_s05"
"driving_01","4809","240.45","720","480","driving_01_s05"
"driving_01","4810","240.5","720","480","driving_01_s05"
"driving_01","4811","240.55","720","480","driving_01_s05"
"driving_01","4812","240.6","720","480","driving_01_s05"
"driving_01","4813","240.65","720","480","driving_01_s05"
"driving_01","4814","240.7","720","480","driving_01_s05"
"driving_01","4815","240.75","720","480","driving_01_s05"
"driving_01","4816","240.8","720","480","driving_01_s05"
"driving_01","4817","240.85","720","480","driving_01_s05"
"driving_01","4818","240.9","720","480","driving_01_s05"
"driving_01","4819","240.95","720","480","driving_01_s05"
"driving_01","4820","241","720","480","driving_01_s05"
"driving_01","4821","241.05","720","480","driving_01_s05"
"driving_01","4822","241.1","720","480","driving_01_s05"
"driving_01","4823","241.15","720","480","driving_01_s05"
"driving_01","4824","241.2","720","480","driving_01_s05"
"driving_01","4825","241.25","720","480","driving_01_s05"
"driving_01","4826","241.3","720","480","driving_01_s05"
"driving_01","4827","241.35","720","480","driving_01_s05"
"driving_01","4828","241.4","720","480","driving_01_s05"
"driving_01","4829","241.45","720","480","driving_01_s05"
"driving_01","4830","241.5","720","480","driving_01_s05"
"driving_01","4831","241.55","720","480","driving_01_s05"
"driving_01","4832","241.6","720","480","driving_01_s05"
"driving_01","4833","241.65","720","480","driving_01_s05"
"driving_01","4834","241.7","720","480","driving_01_s05"
"driving_01","4835","241.75","720","480","driving_01_s05"
"driving_01","4836","241.8","720","480","driving_01_s05"
"driving_01","4837","241.85","720","480","driving_01_s05"
"driving_01","4838","241.9","720","480","driving_01_s05"
"driving_01","4839","241.95","720","480","driving_01_s05"
"driving_01","4840","242","720","480","driving_01_s05"
"driving_01","4841","242.05","720","480","driving_01_s05"
"driving_01","4842","242.1","720","480","driving_01_s05"
"driving_01","4843","242.15","720","480","driving_01_s05"
"driving_01","4844","242.2","720","480","driving_01_s05"
"driving_01","4845","242.25","720","480","driving_01_s05"
"driving_01","4846","242.3","720","480","driving_01_s05"
"driving_01","4847","242.35","720","480","driving_01_s05"
"driving_01","4848","242.4","720","480","driving_01_s05"
"driving_01","4849","242.45","720","480","driving_01_s05"
"driving_01","4850","242.5","720","480","driving_01_s05"
"driving_01","4851","242.55","720","480","driving_01_s05"
"driving_01","4852","242.6","720","480","driving_01_s05"
"driving_01","4853","242.65","720","480","driving_01_s05"
"driving_01","4854","242.7","720","480","driving_01_s05"
"driving_01","4855","242.75","720","480","driving_01_s05"
"driving_01","4856","242.8","720","480","driving_01_s05"
"driving_01","4857","242.85","720","480","driving_01_s05"
"driving_01","4858","242.9","720","480","driving_01_s05"
"driving_01","4859","242.95","720","480","driving_01_s05"
"driving_01","4860","243","720","480","driving_01_s05"
"driving_01","4861","243.05","720","480","driving_01_s05"
"driving_01","4862","243.1","720","480","driving_01_s05"
"driving_01","4863","243.15","720","480","driving_01_s05"
"driving_01","4864","243.2","720","480","driving_01_s05"
"driving_01","4865","243.25","720","480","driving_01_s05"
"driving_01","4866","243.3","720","480","driving_01_s05"
"driving_01","4867","243.35","720","480","driving_01_s05"
"driving_01","4868","243.4","720","480","driving_01_s05"
"driving_01","4869","243.45","720","480","driving_01_s05"
"driving_01","4870","243.5","720","480","driving_01_s05"
"driving_01","4871","243.55","720","480","driving_01_s05"
"driving_01","4872","243.6","720","480","driving_01_s05"
"driving_01","4873","243.65","720","480","driving_01_s05"
"driving_01","4874","243.7","720","480","driving_01_s05"
"driving_01","4875","243.75","720","480","driving_01_s05"
"driving_01","4876","243.8","720","480","driving_01_s05"
"driving_01","4877","243.85","720","480","driving_01_s05"
"driving_01","4878","243.9","720","480","driving_01_s05"
"driving_01","4879","243.95","720","480","driving_01_s05"
"driving_01","4880","244","720","480","driving_01_s05"
"driving_01","4881","244.05","720","480","driving_01_s05"
"driving_01","4882","244.1","720","480","driving_01_s05"
"driving_01","4883","244.15","720","480","driving_01_s05"
"driving_01","4884","244.2","720","480","driving_01_s05"
"driving_01","4885","244.25","720","480","driving_01_s05"
"driving_01","4886","244.3","720","480","driving_01_s05"
"driving_01","4887","244.35","720","480","driving_01_s05"
"driving_01","4888","244.4","720","480","driving_01_s05"
"driving_01","4889","244.45","720","480","driving_01_s05"
"driving_01","4890","244.5","720","480","driving_01_s05"
"driving_01","4891","244.55","720","480","driving_01_s05"
"driving_01","4892","244.6","720","480","driving_01_s05"
"driving_01","4893","244.65","720","480","driving_01_s05"
"driving_01","4894","244.7","720","480","driving_01_s05"
"driving_01","4895","244.75","720","480","driving_01_s05"
"driving_01","4896","244.8","720","480","driving_01_s05"
"driving_01","4897","244.85","720","480","driving_01_s05"
"driving_01","4898","244.9","720","480","driving_01_s05"
"driving_01","4899","244.95","720","480","driving_01_s05"
"driving_01","4900","245","720","480","driving_01_s05"
"driving_01","4901","245.05","720","480","driving_01_s05"
"driving_01","4902","245.1","720","480","driving_01_s05"
"driving_01","4903","245.15","720","480","driving_01_s05"
"driving_01","4904","245.2","720","480","driving_01_s05"
"driving_01","4905","245.25","720","480","driving_01_s05"
"driving_01","4906","245.3","720","480","driving_01_s05"
"driving_01","4907","245.35","720","480","driving_01_s05"
"driving_01","4908","245.4","720","480","driving_01_s05"
"driving_01","4909","245.45","720","480","driving_01_s05"
"driving_01","4910","245.5","720","480","driving_01_s05"
"driving_01","4911","245.55","720","480","driving_01_s05"
"driving_01","4912","245.6","720","480","driving_01_s05"
"driving_01","4913","245.65","720","480","driving_01_s05"
"driving_01","4914","245.7","720","480","driving_01_s05"
"driving_01","4915","245.75","720","480","driving_01_s05"
"driving_01","4916","245.8","720","480","driving_01_s05"
"driving_01","4917","245.85","720","480","driving_01_s05"
"driving_01","4918","245.9","720","480","driving_01_s05"
"driving_01","4919","245.95","720","480","driving_01_s05"
"driving_01","4920","246","720","480","driving_01_s05"
"driving_01","4921","246.05","720","480","driving_01_s05"
"driving_01","4922","246.1","720","480","driving_01_s05"
"driving_01","4923","246.15","720","480","driving_01_s05"
"driving_01","4924","246.2","720","480","driving_01_s05"
"driving_01","4925","246.25","720","480","driving_01_s05"
"driving_01","4926","246.3","720","480","driving_01_s05"
"driving_01","4927","246.35","720","480","driving_01_s05"
"driving_01","4928","246.4","720","480","driving_01_s05"
"driving_01","4929","246.45","720","480","driving_01_s05"
"driving_01","4930","246.5","720","480","driving_01_s05"
"driving_01","4931","246.55","720","480","driving_01_s05"
"driving_01","4932","246.6","720","480","driving_01_s05"
"driving_01","4933","246.65","720","480","driving_01_s05"
"driving_01","4934","246.7","720","480","driving_01_s05"
"driving_01","4935","246.75","720","480","driving_01_s05"
"driving_01","4936","246.8","720","480","driving_01_s05"
"driving_01","4937","246.85","720","480","driving_01_s05"
"driving_01","4938","246.9","720","480","driving_01_s05"
"driving_01","4939","246.95","720","480","driving_01_s05"
"driving_01","4940","247","720","480","driving_01_s05"
"driving_01","4941","247.05","720","480","driving_01_s05"
"driving_01","4942","247.1","720","480","driving_01_s05"
"driving_01","4943","247.15","720","480","driving_01_s05"
"driving_01","4944","247.2","720","480","driving_01_s05"
"driving_01","4945","247.25","720","480","driving_01_s05"
"driving_01","4946","247.3","720","480","driving_01_s05"
"driving_01","4947","247.35","720","480","driving_01_s05"
"driving_01","4948","247.4","720","480","driving_01_s05"
"driving_01","4949","247.45","720","480","driving_01_s05"
"driving_01","4950","247.5","720","480","driving_01_s05"
"driving_01","4951","247.55","720","480","driving_01_s05"
"driving_01","4952","247.6","720","480","driving_01_s05"
"driving_01","4953","247.65","720","480","driving_01_s05"
"driving_01","4954","247.7","720","480","driving_01_s05"
"driving_01","4955","247.75","720","480","driving_01_s05"
"driving_01","4956","247.8","720","480","driving_01_s05"
"driving_01","4957","247.85","720","480","driving_01_s05"
"driving_01","4958","247.9","720","480","driving_01_s05"
"driving_01","4959","247.95","720","480","driving_01_s05"
"driving_01","4960","248","720","480","driving_01_s05"
"driving_01","4961","248.05","720","480","driving_01_s05"
"driving_01","4962","248.1","720","480","driving_01_s05"
"driving_01","4963","248.15","720","480","driving_01_s05"
"driving_01","4964","248.2","720","480","driving_01_s05"
"driving_01","4965","248.25","720","480","driving_01_s05"
"driving_01","4966","248.3","720","480","driving_01_s05"
"driving_01","4967","248.35","720","480","driving_01_s05"
"driving_01","4968","248.4","720","480","driving_01_s05"
"driving_01","4969","248.45","720","480","driving_01_s05"
"driving_01","4970","248.5","720","480","driving_01_s05"
"driving_01","4971","248.55","720","480","driving_01_s05"
"driving_01","4972","248.6","720","480","driving_01_s05"
"driving_01","4973","248.65","720","480","driving_01_s05"
"driving_01","4974","248.7","720","480","driving_01_s05"
"driving_01","4975","248.75","720","480","driving_01_s05"
"driving_01","4976","248.8","720","480","driving_01_s05"
"driving_01","4977","248.85","720","480","driving_01_s05"
"driving_01","4978","248.9","720","480","driving_01_s05"
"driving_01","4979","248.95","720","480","driving_01_s05"
"driving_01","4980","249","720","480","driving_01_s05"
"driving_01","4981","249.05","720","480","driving_01_s05"
"driving_01","4982","249.1","720","480","driving_01_s05"
"driving_01","4983","249.15","720","480","driving_01_s05"
"driving_01","4984","249.2","720","480","driving_01_s05"
"driving_01","4985","249.25","720","480","driving_01_s05"
"driving_01","4986","249.3","720","480","driving_01_s05"
"driving_01","4987","249.35","720","480","driving_01_s05"
"driving_01","4988","249.4","720","480","driving_01_s05"
"driving_01","4989","249.45","720","480","driving_01_s05"
"driving_01","4990","249.5","720","480","driving_01_s05"
"driving_01","4991","249.55","720","480","driving_01_s05"
"driving_01","4992","249.6","720","480","driving_01_s05"
"driving_01","4993","249.65","720","480","driving_01_s05"
"driving_01","4994","249.7","720","480","driving_01_s05"
"driving_01","4995","249.75","720","480","driving_01_s05"
"driving_01","4996","249.8","720","480","driving_01_s05"
"driving_01","4997","249.85","720","480","driving_01_s05"
"driving_01","4998","249.9","720","480","driving_01_s05"
"driving_01","4999","249.95","720","480","driving_01_s05"
"driving_01","5000","250","720","480","driving_01_s05"
"driving_01","5001","250.05","720","480","driving_01_s05"
"driving_01","5002","250.1","720","480","driving_01_s05"
"driving_01","5003","250.15","720","480","driving_01_s05"
"driving_01","5004","250.2","720","480","driving_01_s05"
"driving_01","5005","250.25","720","480","driving_01_s05"
"driving_01","5006","250.3","720","480","driving_01_s05"
"driving_01","5007","250.35","720","480","driving_01_s05"
"driving_01","5008","250.4","720","480","driving_01_s05"
"driving_01","5009","250.45","720","480","driving_01_s05"
"driving_01","5010","250.5","720","480","driving_01_s05"
"driving_01","5011","250.55","720","480","driving_01_s05"
"driving_01","5012","250.6","720","480","driving_01_s05"
"driving_01","5013","250.65","720","480","driving_01_s05"
"driving_01","5014","250.7","720","480","driving_01_s05"
"driving_01","5015","250.75","720","480","driving_01_s05"
"driving_01","5016","250.8","720","480","driving_01_s05"
"driving_01","5017","250.85","720","480","driving_01_s05"
"driving_01","5018","250.9","720","480","driving_01_s05"
"driving_01","5019","250.95","720","480","driving_01_s05"
"driving_01","5020","251","720","480","driving_01_s05"
"driving_01","5021","251.05","720","480","driving_01_s05"
"driving_01","5022","251.1","720","480","driving_01_s05"
"driving_01","5023","251.15","720","480","driving_01_s05"
"driving_01","5024","251.2","720","480","driving_01_s05"
"driving_01","5025","251.25","720","480","driving_01_s05"
"driving_01","5026","251.3","720","480","driving_01_s05"
"driving_01","5027","251.35","720","480","driving_01_s05"
"driving_01","5028","251.4","720","480","driving_01_s05"
"driving_01","5029","251.45","720","480","driving_01_s05"
"driving_01","5030","251.5","720","480","driving_01_s05"
"driving_01","5031","251.55","720","480","driving_01_s05"
"driving_01","5032","251.6","720","480","driving_01_s05"
"driving_01","5033","251.65","720","480","driving_01_s05"
"driving_01","5034","251.7","720","480","driving_01_s05"
"driving_01","5035","251.75","720","480","driving_01_s05"
"driving_01","5036","251.8","720","480","driving_01_s05"
"driving_01","5037","251.85","720","480","driving_01_s05"
"driving_01","5038","251.9","720","480","driving_01_s05"
"driving_01","5039","251.95","720","480","driving_01_s05"
"driving_01","5040","252","720","480","driving_01_s05"
"driving_01","5041","252.05","720","480","driving_01_s05"
"driving_01","5042","252.1","720","480","driving_01_s05"
"driving_01","5043","252.15","720","480","driving_01_s05"
"driving_01","5044","252.2","720","480","driving_01_s05"
"driving_01","5045","252.25","720","480","driving_01_s05"
"driving_01","5046","252.3","720","480","driving_01_s05"
"driving_01","5047","252.35","720","480","driving_01_s05"
"driving_01","5048","252.4","720","480","driving_01_s05"
"driving_01","5049","252.45","720","480","driving_01_s05"
"driving_01","5050","252.5","720","480","driving_01_s05"
"driving_01","5051","252.55","720","480","driving_01_s05"
"driving_01","5052","252.6","720","480","driving_01_s05"
"driving_01","5053","252.65","720","480","driving_01_s05"
"driving_01","5054","252.7","720","480","driving_01_s05"
"driving_01","5055","252.75","720","480","driving_01_s05"
"driving_01","5056","252.8","720","480","driving_01_s05"
"driving_01","5057","252.85","720","480","driving_01_s05"
"driving_01","5058","252.9","720","480","driving_01_s05"
"driving_01","5059","252.95","720","480","driving_01_s05"
"driving_01","5060","253","720","480","driving_01_s05"
"driving_01","5061","253.05","720","480","driving_01_s05"
"driving_01","5062","253.1","720","480","driving_01_s05"
"driving_01","5063","253.15","720","480","driving_01_s05"
"driving_01","5064","253.2","720","480","driving_01_s05"
"driving_01","5065","253.25","720","480","driving_01_s05"
"driving_01","5066","253.3","720","480","driving_01_s05"
"driving_01","5067","253.35","720","480","driving_01_s05"
"driving_01","5068","253.4","720","480","driving_01_s05"
"driving_01","5069","253.45","720","480","driving_01_s05"
"driving_01","5070","253.5","720","480","driving_01_s05"
"driving_01","5071","253.55","720","480","driving_01_s05"
"driving_01","5072","253.6","720","480","driving_01_s05"
"driving_01","5073","253.65","720","480","driving_01_s05"
"driving_01","5074","253.7","720","480","driving_01_s05"
"driving_01","5075","253.75","720","480","driving_01_s05"
"driving_01","5076","253.8","720","480","driving_01_s05"
"driving_01","5077","253.85","720","480","driving_01_s05"
"driving_01","5078","253.9","720","480","driving_01_s05"
"driving_01","5079","253.95","720","480","driving_01_s05"
"driving_01","5080","254","720","480","driving_01_s05"
"driving_01","5081","254.05","720","480","driving_01_s05"
"driving_01","5082","254.1","720","480","driving_01_s05"
"driving_01","5083","254.15","720","480","driving_01_s05"
"driving_01","5084","254.2","720","480","driving_01_s05"
"driving_01","5085","254.25","720","480","driving_01_s05"
"driving_01","5086","254.3","720","480","driving_01_s05"
"driving_01","5087","254.35","720","480","driving_01_s05"
"driving_01","5088","254.4","720","480","driving_01_s05"
"driving_01","5089","254.45","720","480","driving_01_s05"
"driving_01","5090","254.5","720","480","driving_01_s05"
"driving_01","5091","254.55","720","480","driving_01_s05"
"driving_01","5092","254.6","720","480","driving_01_s05"
"driving_01","5093","254.65","720","480","driving_01_s05"
"driving_01","5094","254.7","720","480","driving_01_s05"
"driving_01","5095","254.75","720","480","driving_01_s05"
"driving_01","5096","254.8","720","480","driving_01_s05"
"driving_01","5097","254.85","720","480","driving_01_s05"
"driving_01","5098","254.9","720","480","driving_01_s05"
"driving_01","5099","254.95","720","480","driving_01_s05"
"driving_01","5100","255","720","480","driving_01_s05"
"driving_01","5101","255.05","720","480","driving_01_s05"
"driving_01","5102","255.1","720","480","driving_01_s05"
"driving_01","5103","255.15","720","480","driving_01_s05"
"driving_01","5104","255.2","720","480","driving_01_s05"
"driving_01","5105","255.25","720","480","driving_01_s05"
"driving_01","5106","255.3","720","480","driving_01_s05"
"driving_01","5107","255.35","720","480","driving_01_s05"
"driving_01","5108","255.4","720","480","driving_01_s05"
"driving_01","5109","255.45","720","480","driving_01_s05"
"driving_01","5110","255.5","720","480","driving_01_s05"
"driving_01","5111","255.55","720","480","driving_01_s05"
"driving_01","5112","255.6","720","480","driving_01_s05"
"driving_01","5113","255.65","720","480","driving_01_s05"
"driving_01","5114","255.7","720","480","driving_01_s05"
"driving_01","5115","255.75","720","480","driving_01_s05"
"driving_01","5116","255.8","720","480","driving_01_s05"
"driving_01","5117","255.85","720","480","driving_01_s05"
"driving_01","5118","255.9","720","480","driving_01_s05"
"driving_01","5119","255.95","720","480","driving_01_s05"
"driving_01","5120","256","720","480","driving_01_s05"
"driving_01","5121","256.05","720","480","driving_01_s05"
"driving_01","5122","256.1","720","480","driving_01_s05"
"driving_01","5123","256.15","720","480","driving_01_s05"
"driving_01","5124","256.2","720","480","driving_01_s05"
"driving_01","5125","256.25","720","480","driving_01_s05"
"driving_01","5126","256.3","720","480","driving_01_s05"
"driving_01","5127","256.35","720","480","driving_01_s05"
"driving_01","5128","256.4","720","480","driving_01_s05"
"driving_01","5129","256.45","720","480","driving_01_s05"
"driving_01","5130","256.5","720","480","driving_01_s05"
"driving_01","5131","256.55","720","480","driving_01_s05"
"driving_01","5132","256.6","720","480","driving_01_s05"
"driving_01","5133","256.65","720","480","driving_01_s05"
"driving_01","5134","256.7","720","480","driving_01_s05"
"driving_01","5135","256.75","720","480","driving_01_s05"
"driving_01","5136","256.8","720","480","driving_01_s05"
"driving_01","5137","256.85","720","480","driving_01_s05"
"driving_01","5138","256.9","720","480","driving_01_s05"
"driving_01","5139","256.95","720","480","driving_01_s05"
"driving_01","5140","257","720","480","driving_01_s05"
"driving_01","5141","257.05","720","480","driving_01_s05"
"driving_01","5142","257.1","720","480","driving_01_s05"
"driving_01","5143","257.15","720","480","driving_01_s05"
"driving_01","5144","257.2","720","480","driving_01_s05"
"driving_01","5145","257.25","720","480","driving_01_s05"
"driving_01","5146","257.3","720","480","driving_01_s05"
"driving_01","5147","257.35","720","480","driving_01_s05"
"driving_01","5148","257.4","720","480","driving_01_s05"
"driving_01","5149","257.45","720","480","driving_01_s05"
"driving_01","5150","257.5","720","480","driving_01_s05"
"driving_01","5151","257.55","720","480","driving_01_s05"
"driving_01","5152","257.6","720","480","driving_01_s05"
"driving_01","5153","257.65","720","480","driving_01_s05"
"driving_01","5154","257.7","720","480","driving_01_s05"
"driving_01","5155","257.75","720","480","driving_01_s05"
"driving_01","5156","257.8","720","480","driving_01_s05"
"driving_01","5157","257.85","720","480","driving_01_s05"
"driving_01","5158","257.9","720","480","driving_01_s05"
"driving_01","5159","257.95","720","480","driving_01_s05"
"driving_01","5160","258","720","480","driving_01_s05"
"driving_01","5161","258.05","720","480","driving_01_s05"
"driving_01","5162","258.1","720","480","driving_01_s05"
"driving_01","5163","258.15","720","480","driving_01_s05"
"driving_01","5164","258.2","720","480","driving_01_s05"
"driving_01","5165","258.25","720","480","driving_01_s05"
"driving_01","5166","258.3","720","480","driving_01_s05"
"driving_01","5167","258.35","720","480","driving_01_s05"
"driving_01","5168","258.4","720","480","driving_01_s05"
"driving_01","5169","258.45","720","480","driving_01_s05"
"driving_01","5170","258.5","720","480","driving_01_s05"
"driving_01","5171","258.55","720","480","driving_01_s05"
"driving_01","5172","258.6","720","480","driving_01_s05"
"driving_01","5173","258.65","720","480","driving_01_s05"
"driving_01","5174","258.7","720","480","driving_01_s05"
"driving_01","5175","258.75","720","480","driving_01_s05"
"driving_01","5176","258.8","720","480","driving_01_s05"
"driving_01","5177","258.85","720","480","driving_01_s05"
"driving_01","5178","258.9","720","480","driving_01_s05"
"driving_01","5179","258.95","720","480","driving_01_s05"
"driving_01","5180","259","720","480","driving_01_s05"
"driving_01","5181","259.05","720","480","driving_01_s05"
"driving_01","5182","259.1","720","480","driving_01_s05"
"driving_01","5183","259.15","720","480","driving_01_s05"
"driving_01","5184","259.2","720","480","driving_01_s05"
"driving_01","5185","259.25","720","480","driving_01_s05"
"driving_01","5186","259.3","720","480","driving_01_s05"
"driving_01","5187","259.35","720","480","driving_01_s05"
"driving_01","5188","259.4","720","480","driving_01_s05"
"driving_01","5189","259.45","720","480","driving_01_s05"
"driving_01","5190","259.5","720","480","driving_01_s05"
"driving_01","5191","259.55","720","480","driving_01_s05"
"driving_01","5192","259.6","720","480","driving_01_s05"
"driving_01","5193","259.65","720","480","driving_01_s05"
"driving_01","5194","259.7","720","480","driving_01_s05"
"driving_01","5195","259.75","720","480","driving_01_s05"
"driving_01","5196","259.8","720","480","driving_01_s05"
"driving_01","5197","259.85","720","480","driving_01_s05"
"driving_01","5198","259.9","720","480","driving_01_s05"
"driving_01","5199","259.95","720","480","driving_01_s05"
"driving_01","5200","260","720","480","driving_01_s05"
"driving_01","5201","260.05","720","480","driving_01_s05"
"driving_01","5202","260.1","720","480","driving_01_s05"
"driving_01","5203","260.15","720","480","driving_01_s05"
"driving_01","5204","260.2","720","480","driving_01_s05"
"driving_01","5205","260.25","720","480","driving_01_s05"
"driving_01","5206","260.3","720","480","driving_01_s05"
"driving_01","5207","260.35","720","480","driving_01_s05"
"driving_01","5208","260.4","720","480","driving_01_s05"
"driving_01","5209","260.45","720","480","driving_01_s05"
"driving_01","5210","260.5","720","480","driving_01_s05"
"driving_01","5211","260.55","720","480","driving_01_s05"
"driving_01","5212","260.6","720","480","driving_01_s05"
"driving_01","5213","260.65","720","480","driving_01_s05"
"driving_01","5214","260.7","720","480","driving_01_s05"
"driving_01","5215","260.75","720","480","driving_01_s05"
"driving_01","5216","260.8","720","480","driving_01_s05"
"driving_01","5217","260.85","720","480","driving_01_s05"
"driving_01","5218","260.9","720","480","driving_01_s05"
"driving_01","5219","260.95","720","480","driving_01_s05"
"driving_01","5220","261","720","480","driving_01_s05"
"driving_01","5221","261.05","720","480","driving_01_s05"
"driving_01","5222","261.1","720","480","driving_01_s05"
"driving_01","5223","261.15","720","480","driving_01_s05"
"driving_01","5224","261.2","720","480","driving_01_s05"
"driving_01","5225","261.25","720","480","driving_01_s05"
"driving_01","5226","261.3","720","480","driving_01_s05"
"driving_01","5227","261.35","720","480","driving_01_s05"
"driving_01","5228","261.4","720","480","driving_01_s05"
"driving_01","5229","261.45","720","480","driving_01_s05"
"driving_01","5230","261.5","720","480","driving_01_s05"
"driving_01","5231","261.55","720","480","driving_01_s05"
"driving_01","5232","261.6","720","480","driving_01_s05"
"driving_01","5233","261.65","720","480","driving_01_s05"
"driving_01","5234","261.7","720","480","driving_01_s05"
"driving_01","5235","261.75","720","480","driving_01_s05"
"driving_01","5236","261.8","720","480","driving_01_s05"
"driving_01","5237","261.85","720","480","driving_01_s05"
"driving_01","5238","261.9","720","480","driving_01_s05"
"driving_01","5239","261.95","720","480","driving_01_s05"
"driving_01","5240","262","720","480","driving_01_s05"
"driving_01","5241","262.05","720","480","driving_01_s05"
"driving_01","5242","262.1","720","480","driving_01_s05"
"driving_01","5243","262.15","720","480","driving_01_s05"
"driving_01","5244","262.2","720","480","driving_01_s05"
"driving_01","5245","262.25","720","480","driving_01_s05"
"driving_01","5246","262.3","720","480","driving_01_s05"
"driving_01","5247","262.35","720","480","driving_01_s05"
"driving_01","5248","262.4","720","480","driving_01_s05"
"driving_01","5249","262.45","720","480","driving_01_s05"
"driving_01","5250","262.5","720","480","driving_01_s05"
"driving_01","5251","262.55","720","480","driving_01_s05"
"driving_01","5252","262.6","720","480","driving_01_s05"
"driving_01","5253","262.65","720","480","driving_01_s05"
"driving_01","5254","262.7","720","480","driving_01_s05"
"driving_01","5255","262.75","720","480","driving_01_s05"
"driving_01","5256","262.8","720","480","driving_01_s05"
"driving_01","5257","262.85","720","480","driving_01_s05"
"driving_01","5258","262.9","720","480","driving_01_s05"
"driving_01","5259","262.95","720","480","driving_01_s05"
"driving_01","5260","263","720","480","driving_01_s05"
"driving_01","5261","263.05","720","480","driving_01_s05"
"driving_01","5262","263.1","720","480","driving_01_s05"
"driving_01","5263","263.15","720","480","driving_01_s05"
"driving_01","5264","263.2","720","480","driving_01_s05"
"driving_01","5265","263.25","720","480","driving_01_s05"
"driving_01","5266","263.3","720","480","driving_01_s05"
"driving_01","5267","263.35","720","480","driving_01_s05"
"driving_01","5268","263.4","720","480","driving_01_s05"
"driving_01","5269","263.45","720","480","driving_01_s05"
"driving_01","5270","263.5","720","480","driving_01_s05"
"driving_01","5271","263.55","720","480","driving_01_s05"
"driving_01","5272","263.6","720","480","driving_01_s05"
"driving_01","5273","263.65","720","480","driving_01_s05"
"driving_01","5274","263.7","720","480","driving_01_s05"
"driving_01","5275","263.75","720","480","driving_01_s05"
"driving_01","5276","263.8","720","480","driving_01_s05"
"driving_01","5277","263.85","720","480","driving_01_s05"
"driving_01","5278","263.9","720","480","driving_01_s05"
"driving_01","5279","263.95","720","480","driving_01_s05"
"driving_01","5280","264","720","480","driving_01_s05"
"driving_01","5281","264.05","720","480","driving_01_s05"
"driving_01","5282","264.1","720","480","driving_01_s05"
"driving_01","5283","264.15","720","480","driving_01_s05"
"driving_01","5284","264.2","720","480","driving_01_s05"
"driving_01","5285","264.25","720","480","driving_01_s05"
"driving_01","5286","264.3","720","480","driving_01_s05"
"driving_01","5287","264.35","720","480","driving_01_s05"
"driving_01","5288","264.4","720","480","driving_01_s05"
"driving_01","5289","264.45","720","480","driving_01_s05"
"driving_01","5290","264.5","720","480","driving_01_s05"
"driving_01","5291","264.55","720","480","driving_01_s05"
"driving_01","5292","264.6","720","480","driving_01_s05"
"driving_01","5293","264.65","720","480","driving_01_s05"
"driving_01","5294","264.7","720","480","driving_01_s05"
"driving_01","5295","264.75","720","480","driving_01_s05"
"driving_01","5296","264.8","720","480","driving_01_s05"
"driving_01","5297","264.85","720","480","driving_01_s05"
"driving_01","5298","264.9","720","480","driving_01_s05"
"driving_01","5299","264.95","720","480","driving_01_s05"
"driving_01","5300","265","720","480","driving_01_s05"
"driving_01","5301","265.05","720","480","driving_01_s05"
"driving_01","5302","265.1","720","480","driving_01_s05"
"driving_01","5303","265.15","720","480","driving_01_s05"
"driving_01","5304","265.2","720","480","driving_01_s05"
"driving_01","5305","265.25","720","480","driving_01_s05"
"driving_01","5306","265.3","720","480","driving_01_s05"
"driving_01","5307","265.35","720","480","driving_01_s05"
"driving_01","5308","265.4","720","480","driving_01_s05"
"driving_01","5309","265.45","720","480","driving_01_s05"
"driving_01","5310","265.5","720","480","driving_01_s05"
"driving_01","5311","265.55","720","480","driving_01_s05"
"driving_01","5312","265.6","720","480","driving_01_s05"
"driving_01","5313","265.65","720","480","driving_01_s05"
"driving_01","5314","265.7","720","480","driving_01_s05"
"driving_01","5315","265.75","720","480","driving_01_s05"
"driving_01","5316","265.8","720","480","driving_01_s05"
"driving_01","5317","265.85","720","480","driving_01_s05"
"driving_01","5318","265.9","720","480","driving_01_s05"
"driving_01","5319","265.95","720","480","driving_01_s05"
"driving_01","5320","266","720","480","driving_01_s05"
"driving_01","5321","266.05","720","480","driving_01_s05"
"driving_01","5322","266.1","720","480","driving_01_s05"
"driving_01","5323","266.15","720","480","driving_01_s05"
"driving_01","5324","266.2","720","480","driving_01_s05"
"driving_01","5325","266.25","720","480","driving_01_s05"
"driving_01","5326","266.3","720","480","driving_01_s05"
"driving_01","5327","266.35","720","480","driving_01_s05"
"driving_01","5328","266.4","720","480","driving_01_s05"
"driving_01","5329","266.45","720","480","driving_01_s05"
"driving_01","5330","266.5","720","480","driving_01_s05"
"driving_01","5331","266.55","720","480","driving_01_s05"
"driving_01","5332","266.6","720","480","driving_01_s06"
"driving_01","5333","266.65","720","480","driving_01_s06"
"driving_01","5334","266.7","720","480","driving_01_s06"
"driving_01","5335","266.75","720","480","driving_01_s06"
"driving_01","5336","266.8","720","480","driving_01_s06"
"driving_01","5337","266.85","720","480","driving_01_s06"
"driving_01","5338","266.9","720","480","driving_01_s06"
"driving_01","5339","266.95","720","480","driving_01_s06"
"driving_01","5340","267","720","480","driving_01_s06"
"driving_01","5341","267.05","720","480","driving_01_s06"
"driving_01","5342","267.1","720","480","driving_01_s06"
"driving_01","5343","267.15","720","480","driving_01_s06"
"driving_01","5344","267.2","720","480","driving_01_s06"
"driving_01","5345","267.25","720","480","driving_01_s06"
"driving_01","5346","267.3","720","480","driving_01_s06"
"driving_01","5347","267.35","720","480","driving_01_s06"
"driving_01","5348","267.4","720","480","driving_01_s06"
"driving_01","5349","267.45","720","480","driving_01_s06"
"driving_01","5350","267.5","720","480","driving_01_s06"
"driving_01","5351","267.55","720","480","driving_01_s06"
"driving_01","5352","267.6","720","480","driving_01_s06"
"driving_01","5353","267.65","720","480","driving_01_s06"
"driving_01","5354","267.7","720","480","driving_01_s06"
"driving_01","5355","267.75","720","480","driving_01_s06"
"driving_01","5356","267.8","720","480","driving_01_s06"
"driving_01","5357","267.85","720","480","driving_01_s06"
"driving_01","5358","267.9","720","480","driving_01_s06"
"driving_01","5359","267.95","720","480","driving_01_s06"
"driving_01","5360","268","720","480","driving_01_s06"
"driving_01","5361","268.05","720","480","driving_01_s06"
"driving_01","5362","268.1","720","480","driving_01_s06"
"driving_01","5363","268.15","720","480","driving_01_s06"
"driving_01","5364","268.2","720","480","driving_01_s06"
"driving_01","5365","268.25","720","480","driving_01_s06"
"driving_01","5366","268.3","720","480","driving_01_s06"
"driving_01","5367","268.35","720","480","driving_01_s06"
"driving_01","5368","268.4","720","480","driving_01_s06"
"driving_01","5369","268.45","720","480","driving_01_s06"
"driving_01","5370","268.5","720","480","driving_01_s06"
"driving_01","5371","268.55","720","480","driving_01_s06"
"driving_01","5372","268.6","720","480","driving_01_s06"
"driving_01","5373","268.65","720","480","driving_01_s06"
"driving_01","5374","268.7","720","480","driving_01_s06"
"driving_01","5375","268.75","720","480","driving_01_s06"
"driving_01","5376","268.8","720","480","driving_01_s06"
"driving_01","5377","268.85","720","480","driving_01_s06"
"driving_01","5378","268.9","720","480","driving_01_s06"
"driving_01","5379","268.95","720","480","driving_01_s06"
"driving_01","5380","269","720","480","driving_01_s06"
"driving_01","5381","269.05","720","480","driving_01_s06"
"driving_01","5382","269.1","720","480","driving_01_s06"
"driving_01","5383","269.15","720","480","driving_01_s06"
"driving_01","5384","269.2","720","480","driving_01_s06"
"driving_01","5385","269.25","720","480","driving_01_s06"
"driving_01","5386","269.3","720","480","driving_01_s06"
"driving_01","5387","269.35","720","480","driving_01_s06"
"driving_01","5388","269.4","720","480","driving_01_s06"
"driving_01","5389","269.45","720","480","driving_01_s06"
"driving_01","5390","269.5","720","480","driving_01_s06"
"driving_01","5391","269.55","720","480","driving_01_s06"
"driving_01","5392","269.6","720","480","driving_01_s06"
"driving_01","5393","269.65","720","480","driving_01_s06"
"driving_01","5394","269.7","720","480","driving_01_s06"
"driving_01","5395","269.75","720","480","driving_01_s06"
"driving_01","5396","269.8","720","480","driving_01_s06"
"driving_01","5397","269.85","720","480","driving_01_s06"
"driving_01","5398","269.9","720","480","driving_01_s06"
"driving_01","5399","269.95","720","480","driving_01_s06"
"driving_01","5400","270","720","480","driving_01_s06"
"driving_01","5401","270.05","720","480","driving_01_s06"
"driving_01","5402","270.1","720","480","driving_01_s06"
"driving_01","5403","270.15","720","480","driving_01_s06"
"driving_01","5404","270.2","720","480","driving_01_s06"
"driving_01","5405","270.25","720","480","driving_01_s06"
"driving_01","5406","270.3","720","480","driving_01_s06"
"driving_01","5407","270.35","720","480","driving_01_s06"
"driving_01","5408","270.4","720","480","driving_01_s06"
"driving_01","5409","270.45","720","480","driving_01_s06"
"driving_01","5410","270.5","720","480","driving_01_s06"
"driving_01","5411","270.55","720","480","driving_01_s06"
"driving_01","5412","270.6","720","480","driving_01_s06"
"driving_01","5413","270.65","720","480","driving_01_s06"
"driving_01","5414","270.7","720","480","driving_01_s06"
"driving_01","5415","270.75","720","480","driving_01_s06"
"driving_01","5416","270.8","720","480","driving_01_s06"
"driving_01","5417","270.85","720","480","driving_01_s06"
"driving_01","5418","270.9","720","480","driving_01_s06"
"driving_01","5419","270.95","720","480","driving_01_s06"
"driving_01","5420","271","720","480","driving_01_s06"
"driving_01","5421","271.05","720","480","driving_01_s06"
"driving_01","5422","271.1","720","480","driving_01_s06"
"driving_01","5423","271.15","720","480","driving_01_s06"
"driving_01","5424","271.2","720","480","driving_01_s06"
"driving_01","5425","271.25","720","480","driving_01_s06"
"driving_01","5426","271.3","720","480","driving_01_s06"
"driving_01","5427","271.35","720","480","driving_01_s06"
"driving_01","5428","271.4","720","480","driving_01_s06"
"driving_01","5429","271.45","720","480","driving_01_s06"
"driving_01","5430","271.5","720","480","driving_01_s06"
"driving_01","5431","271.55","720","480","driving_01_s06"
"driving_01","5432","271.6","720","480","driving_01_s06"
"driving_01","5433","271.65","720","480","driving_01_s06"
"driving_01","5434","271.7","720","480","driving_01_s06"
"driving_01","5435","271.75","720","480","driving_01_s06"
"driving_01","5436","271.8","720","480","driving_01_s06"
"driving_01","5437","271.85","720","480","driving_01_s06"
"driving_01","5438","271.9","720","480","driving_01_s06"
"driving_01","5439","271.95","720","480","driving_01_s06"
"driving_01","5440","272","720","480","driving_01_s06"
"driving_01","5441","272.05","720","480","driving_01_s06"
"driving_01","5442","272.1","720","480","driving_01_s06"
"driving_01","5443","272.15","720","480","driving_01_s06"
"driving_01","5444","272.2","720","480","driving_01_s06"
"driving_01","5445","272.25","720","480","driving_01_s06"
"driving_01","5446","272.3","720","480","driving_01_s06"
"driving_01","5447","272.35","720","480","driving_01_s06"
"driving_01","5448","272.4","720","480","driving_01_s06"
"driving_01","5449","272.45","720","480","driving_01_s06"
"driving_01","5450","272.5","720","480","driving_01_s06"
"driving_01","5451","272.55","720","480","driving_01_s06"
"driving_01","5452","272.6","720","480","driving_01_s06"
"driving_01","5453","272.65","720","480","driving_01_s06"
"driving_01","5454","272.7","720","480","driving_01_s06"
"driving_01","5455","272.75","720","480","driving_01_s06"
"driving_01","5456","272.8","720","480","driving_01_s06"
"driving_01","5457","272.85","720","480","driving_01_s06"
"driving_01","5458","272.9","720","480","driving_01_s06"
"driving_01","5459","272.95","720","480","driving_01_s06"
"driving_01","5460","273","720","480","driving_01_s06"
"driving_01","5461","273.05","720","480","driving_01_s06"
"driving_01","5462","273.1","720","480","driving_01_s06"
"driving_01","5463","273.15","720","480","driving_01_s06"
"driving_01","5464","273.2","720","480","driving_01_s06"
"driving_01","5465","273.25","720","480","driving_01_s06"
"driving_01","5466","273.3","720","480","driving_01_s06"
"driving_01","5467","273.35","720","480","driving_01_s06"
"driving_01","5468","273.4","720","480","driving_01_s06"
"driving_01","5469","273.45","720","480","driving_01_s06"
"driving_01","5470","273.5","720","480","driving_01_s06"
"driving_01","5471","273.55","720","480","driving_01_s06"
"driving_01","5472","273.6","720","480","driving_01_s06"
"driving_01","5473","273.65","720","480","driving_01_s06"
"driving_01","5474","273.7","720","480","driving_01_s06"
"driving_01","5475","273.75","720","480","driving_01_s06"
"driving_01","5476","273.8","720","480","driving_01_s06"
"driving_01","5477","273.85","720","480","driving_01_s06"
"driving_01","5478","273.9","720","480","driving_01_s06"
"driving_01","5479","273.95","720","480","driving_01_s06"
"driving_01","5480","274","720","480","driving_01_s06"
"driving_01","5481","274.05","720","480","driving_01_s06"
"driving_01","5482","274.1","720","480","driving_01_s06"
"driving_01","5483","274.15","720","480","driving_01_s06"
"driving_01","5484","274.2","720","480","driving_01_s06"
"driving_01","5485","274.25","720","480","driving_01_s06"
"driving_01","5486","274.3","720","480","driving_01_s06"
"driving_01","5487","274.35","720","480","driving_01_s06"
"driving_01","5488","274.4","720","480","driving_01_s06"
"driving_01","5489","274.45","720","480","driving_01_s06"
"driving_01","5490","274.5","720","480","driving_01_s06"
"driving_01","5491","274.55","720","480","driving_01_s06"
"driving_01","5492","274.6","720","480","driving_01_s06"
"driving_01","5493","274.65","720","480","driving_01_s06"
"driving_01","5494","274.7","720","480","driving_01_s06"
"driving_01","5495","274.75","720","480","driving_01_s06"
"driving_01","5496","274.8","720","480","driving_01_s06"
"driving_01","5497","274.85","720","480","driving_01_s06"
"driving_01","5498","274.9","720","480","driving_01_s06"
"driving_01","5499","274.95","720","480","driving_01_s06"
"driving_01","5500","275","720","480","driving_01_s06"
"driving_01","5501","275.05","720","480","driving_01_s06"
"driving_01","5502","275.1","720","480","driving_01_s06"
"driving_01","5503","275.15","720","480","driving_01_s06"
"driving_01","5504","275.2","720","480","driving_01_s06"
"driving_01","5505","275.25","720","480","driving_01_s06"
"driving_01","5506","275.3","720","480","driving_01_s06"
"driving_01","5507","275.35","720","480","driving_01_s06"
"driving_01","5508","275.4","720","480","driving_01_s06"
"driving_01","5509","275.45","720","480","driving_01_s06"
"driving_01","5510","275.5","720","480","driving_01_s06"
"driving_01","5511","275.55","720","480","driving_01_s06"
"driving_01","5512","275.6","720","480","driving_01_s06"
"driving_01","5513","275.65","720","480","driving_01_s06"
"driving_01","5514","275.7","720","480","driving_01_s06"
"driving_01","5515","275.75","720","480","driving_01_s06"
"driving_01","5516","275.8","720","480","driving_01_s06"
"driving_01","5517","275.85","720","480","driving_01_s06"
"driving_01","5518","275.9","720","480","driving_01_s06"
"driving_01","5519","275.95","720","480","driving_01_s06"
"driving_01","5520","276","720","480","driving_01_s06"
"driving_01","5521","276.05","720","480","driving_01_s06"
"driving_01","5522","276.1","720","480","driving_01_s06"
"driving_01","5523","276.15","720","480","driving_01_s06"
"driving_01","5524","276.2","720","480","driving_01_s06"
"driving_01","5525","276.25","720","480","driving_01_s06"
"driving_01","5526","276.3","720","480","driving_01_s06"
"driving_01","5527","276.35","720","480","driving_01_s06"
"driving_01","5528","276.4","720","480","driving_01_s06"
"driving_01","5529","276.45","720","480","driving_01_s06"
"driving_01","5530","276.5","720","480","driving_01_s06"
"driving_01","5531","276.55","720","480","driving_01_s06"
"driving_01","5532","276.6","720","480","driving_01_s06"
"driving_01","5533","276.65","720","480","driving_01_s06"
"driving_01","5534","276.7","720","480","driving_01_s06"
"driving_01","5535","276.75","720","480","driving_01_s06"
"driving_01","5536","276.8","720","480","driving_01_s06"
"driving_01","5537","276.85","720","480","driving_01_s06"
"driving_01","5538","276.9","720","480","driving_01_s06"
"driving_01","5539","276.95","720","480","driving_01_s06"
"driving_01","5540","277","720","480","driving_01_s06"
"driving_01","5541","277.05","720","480","driving_01_s06"
"driving_01","5542","277.1","720","480","driving_01_s06"
"driving_01","5543","277.15","720","480","driving_01_s06"
"driving_01","5544","277.2","720","480","driving_01_s06"
"driving_01","5545","277.25","720","480","driving_01_s06"
"driving_01","5546","277.3","720","480","driving_01_s06"
"driving_01","5547","277.35","720","480","driving_01_s06"
"driving_01","5548","277.4","720","480","driving_01_s06"
"driving_01","5549","277.45","720","480","driving_01_s06"
"driving_01","5550","277.5","720","480","driving_01_s06"
"driving_01","5551","277.55","720","480","driving_01_s06"
"driving_01","5552","277.6","720","480","driving_01_s06"
"driving_01","5553","277.65","720","480","driving_01_s06"
"driving_01","5554","277.7","720","480","driving_01_s06"
"driving_01","5555","277.75","720","480","driving_01_s06"
"driving_01","5556","277.8","720","480","driving_01_s06"
"driving_01","5557","277.85","720","480","driving_01_s06"
"driving_01","5558","277.9","720","480","driving_01_s06"
"driving_01","5559","277.95","720","480","driving_01_s06"
"driving_01","5560","278","720","480","driving_01_s06"
"driving_01","5561","278.05","720","480","driving_01_s06"
"driving_01","5562","278.1","720","480","driving_01_s06"
"driving_01","5563","278.15","720","480","driving_01_s06"
"driving_01","5564","278.2","720","480","driving_01_s06"
"driving_01","5565","278.25","720","480","driving_01_s06"
"driving_01","5566","278.3","720","480","driving_01_s06"
"driving_01","5567","278.35","720","480","driving_01_s06"
"driving_01","5568","278.4","720","480","driving_01_s06"
"driving_01","5569","278.45","720","480","driving_01_s06"
"driving_01","5570","278.5","720","480","driving_01_s06"
"driving_01","5571","278.55","720","480","driving_01_s06"
"driving_01","5572","278.6","720","480","driving_01_s06"
"driving_01","5573","278.65","720","480","driving_01_s06"
"driving_01","5574","278.7","720","480","driving_01_s06"
"driving_01","5575","278.75","720","480","driving_01_s06"
"driving_01","5576","278.8","720","480","driving_01_s06"
"driving_01","5577","278.85","720","480","driving_01_s06"
"driving_01","5578","278.9","720","480","driving_01_s06"
"driving_01","5579","278.95","720","480","driving_01_s06"
"driving_01","5580","279","720","480","driving_01_s06"
"driving_01","5581","279.05","720","480","driving_01_s06"
"driving_01","5582","279.1","720","480","driving_01_s06"
"driving_01","5583","279.15","720","480","driving_01_s06"
"driving_01","5584","279.2","720","480","driving_01_s06"
"driving_01","5585","279.25","720","480","driving_01_s06"
"driving_01","5586","279.3","720","480","driving_01_s06"
"driving_01","5587","279.35","720","480","driving_01_s06"
"driving_01","5588","279.4","720","480","driving_01_s06"
"driving_01","5589","279.45","720","480","driving_01_s06"
"driving_01","5590","279.5","720","480","driving_01_s06"
"driving_01","5591","279.55","720","480","driving_01_s06"
"driving_01","5592","279.6","720","480","driving_01_s06"
"driving_01","5593","279.65","720","480","driving_01_s06"
"driving_01","5594","279.7","720","480","driving_01_s06"
"driving_01","5595","279.75","720","480","driving_01_s06"
"driving_01","5596","279.8","720","480","driving_01_s06"
"driving_01","5597","279.85","720","480","driving_01_s06"
"driving_01","5598","279.9","720","480","driving_01_s06"
"driving_01","5599","279.95","720","480","driving_01_s06"
"driving_01","5600","280","720","480","driving_01_s06"
"driving_01","5601","280.05","720","480","driving_01_s06"
"driving_01","5602","280.1","720","480","driving_01_s06"
"driving_01","5603","280.15","720","480","driving_01_s06"
"driving_01","5604","280.2","720","480","driving_01_s06"
"driving_01","5605","280.25","720","480","driving_01_s06"
"driving_01","5606","280.3","720","480","driving_01_s06"
"driving_01","5607","280.35","720","480","driving_01_s06"
"driving_01","5608","280.4","720","480","driving_01_s06"
"driving_01","5609","280.45","720","480","driving_01_s06"
"driving_01","5610","280.5","720","480","driving_01_s06"
"driving_01","5611","280.55","720","480","driving_01_s06"
"driving_01","5612","280.6","720","480","driving_01_s06"
"driving_01","5613","280.65","720","480","driving_01_s06"
"driving_01","5614","280.7","720","480","driving_01_s06"
"driving_01","5615","280.75","720","480","driving_01_s06"
"driving_01","5616","280.8","720","480","driving_01_s06"
"driving_01","5617","280.85","720","480","driving_01_s06"
"driving_01","5618","280.9","720","480","driving_01_s06"
"driving_01","5619","280.95","720","480","driving_01_s06"
"driving_01","5620","281","720","480","driving_01_s06"
"driving_01","5621","281.05","720","480","driving_01_s06"
"driving_01","5622","281.1","720","480","driving_01_s06"
"driving_01","5623","281.15","720","480","driving_01_s06"
"driving_01","5624","281.2","720","480","driving_01_s06"
"driving_01","5625","281.25","720","480","driving_01_s06"
"driving_01","5626","281.3","720","480","driving_01_s06"
"driving_01","5627","281.35","720","480","driving_01_s06"
"driving_01","5628","281.4","720","480","driving_01_s06"
"driving_01","5629","281.45","720","480","driving_01_s06"
"driving_01","5630","281.5","720","480","driving_01_s06"
"driving_01","5631","281.55","720","480","driving_01_s06"
"driving_01","5632","281.6","720","480","driving_01_s06"
"driving_01","5633","281.65","720","480","driving_01_s06"
"driving_01","5634","281.7","720","480","driving_01_s06"
"driving_01","5635","281.75","720","480","driving_01_s06"
"driving_01","5636","281.8","720","480","driving_01_s06"
"driving_01","5637","281.85","720","480","driving_01_s06"
"driving_01","5638","281.9","720","480","driving_01_s06"
"driving_01","5639","281.95","720","480","driving_01_s06"
"driving_01","5640","282","720","480","driving_01_s06"
"driving_01","5641","282.05","720","480","driving_01_s06"
"driving_01","5642","282.1","720","480","driving_01_s06"
"driving_01","5643","282.15","720","480","driving_01_s06"
"driving_01","5644","282.2","720","480","driving_01_s06"
"driving_01","5645","282.25","720","480","driving_01_s06"
"driving_01","5646","282.3","720","480","driving_01_s06"
"driving_01","5647","282.35","720","480","driving_01_s06"
"driving_01","5648","282.4","720","480","driving_01_s06"
"driving_01","5649","282.45","720","480","driving_01_s06"
"driving_01","5650","282.5","720","480","driving_01_s06"
"driving_01","5651","282.55","720","480","driving_01_s06"
"driving_01","5652","282.6","720","480","driving_01_s06"
"driving_01","5653","282.65","720","480","driving_01_s06"
"driving_01","5654","282.7","720","480","driving_01_s06"
"driving_01","5655","282.75","720","480","driving_01_s06"
"driving_01","5656","282.8","720","480","driving_01_s06"
"driving_01","5657","282.85","720","480","driving_01_s06"
"driving_01","5658","282.9","720","480","driving_01_s06"
"driving_01","5659","282.95","720","480","driving_01_s06"
"driving_01","5660","283","720","480","driving_01_s06"
"driving_01","5661","283.05","720","480","driving_01_s06"
"driving_01","5662","283.1","720","480","driving_01_s06"
"driving_01","5663","283.15","720","480","driving_01_s06"
"driving_01","5664","283.2","720","480","driving_01_s06"
"driving_01","5665","283.25","720","480","driving_01_s06"
"driving_01","5666","283.3","720","480","driving_01_s06"
"driving_01","5667","283.35","720","480","driving_01_s06"
"driving_01","5668","283.4","720","480","driving_01_s06"
"driving_01","5669","283.45","720","480","driving_01_s06"
"driving_01","5670","283.5","720","480","driving_01_s06"
"driving_01","5671","283.55","720","480","driving_01_s06"
"driving_01","5672","283.6","720","480","driving_01_s06"
"driving_01","5673","283.65","720","480","driving_01_s06"
"driving_01","5674","283.7","720","480","driving_01_s06"
"driving_01","5675","283.75","720","480","driving_01_s06"
"driving_01","5676","283.8","720","480","driving_01_s06"
"driving_01","5677","283.85","720","480","driving_01_s06"
"driving_01","5678","283.9","720","480","driving_01_s06"
"driving_01","5679","283.95","720","480","driving_01_s06"
"driving_01","5680","284","720","480","driving_01_s06"
"driving_01","5681","284.05","720","480","driving_01_s06"
"driving_01","5682","284.1","720","480","driving_01_s06"
"driving_01","5683","284.15","720","480","driving_01_s06"
"driving_01","5684","284.2","720","480","driving_01_s06"
"driving_01","5685","284.25","720","480","driving_01_s06"
"driving_01","5686","284.3","720","480","driving_01_s06"
"driving_01","5687","284.35","720","480","driving_01_s06"
"driving_01","5688","284.4","720","480","driving_01_s06"
"driving_01","5689","284.45","720","480","driving_01_s06"
"driving_01","5690","284.5","720","480","driving_01_s06"
"driving_01","5691","284.55","720","480","driving_01_s06"
"driving_01","5692","284.6","720","480","driving_01_s06"
"driving_01","5693","284.65","720","480","driving_01_s06"
"driving_01","5694","284.7","720","480","driving_01_s06"
"driving_01","5695","284.75","720","480","driving_01_s06"
"driving_01","5696","284.8","720","480","driving_01_s06"
"driving_01","5697","284.85","720","480","driving_01_s06"
"driving_01","5698","284.9","720","480","driving_01_s06"
"driving_01","5699","284.95","720","480","driving_01_s06"
"driving_01","5700","285","720","480","driving_01_s06"
"driving_01","5701","285.05","720","480","driving_01_s06"
"driving_01","5702","285.1","720","480","driving_01_s06"
"driving_01","5703","285.15","720","480","driving_01_s06"
"driving_01","5704","285.2","720","480","driving_01_s06"
"driving_01","5705","285.25","720","480","driving_01_s06"
"driving_01","5706","285.3","720","480","driving_01_s06"
"driving_01","5707","285.35","720","480","driving_01_s06"
"driving_01","5708","285.4","720","480","driving_01_s06"
"driving_01","5709","285.45","720","480","driving_01_s06"
"driving_01","5710","285.5","720","480","driving_01_s06"
"driving_01","5711","285.55","720","480","driving_01_s06"
"driving_01","5712","285.6","720","480","driving_01_s06"
"driving_01","5713","285.65","720","480","driving_01_s06"
"driving_01","5714","285.7","720","480","driving_01_s06"
"driving_01","5715","285.75","720","480","driving_01_s06"
"driving_01","5716","285.8","720","480","driving_01_s06"
"driving_01","5717","285.85","720","480","driving_01_s06"
"driving_01","5718","285.9","720","480","driving_01_s06"
"driving_01","5719","285.95","720","480","driving_01_s06"
"driving_01","5720","286","720","480","driving_01_s06"
"driving_01","5721","286.05","720","480","driving_01_s06"
"driving_01","5722","286.1","720","480","driving_01_s06"
"driving_01","5723","286.15","720","480","driving_01_s06"
"driving_01","5724","286.2","720","480","driving_01_s06"
"driving_01","5725","286.25","720","480","driving_01_s06"
"driving_01","5726","286.3","720","480","driving_01_s06"
"driving_01","5727","286.35","720","480","driving_01_s06"
"driving_01","5728","286.4","720","480","driving_01_s06"
"driving_01","5729","286.45","720","480","driving_01_s06"
"driving_01","5730","286.5","720","480","driving_01_s06"
"driving_01","5731","286.55","720","480","driving_01_s06"
"driving_01","5732","286.6","720","480","driving_01_s06"
"driving_01","5733","286.65","720","480","driving_01_s06"
"driving_01","5734","286.7","720","480","driving_01_s06"
"driving_01","5735","286.75","720","480","driving_01_s06"
"driving_01","5736","286.8","720","480","driving_01_s06"
"driving_01","5737","286.85","720","480","driving_01_s06"
"driving_01","5738","286.9","720","480","driving_01_s06"
"driving_01","5739","286.95","720","480","driving_01_s06"
"driving_01","5740","287","720","480","driving_01_s06"
"driving_01","5741","287.05","720","480","driving_01_s06"
"driving_01","5742","287.1","720","480","driving_01_s06"
"driving_01","5743","287.15","720","480","driving_01_s06"
"driving_01","5744","287.2","720","480","driving_01_s06"
"driving_01","5745","287.25","720","480","driving_01_s06"
"driving_01","5746","287.3","720","480","driving_01_s06"
"driving_01","5747","287.35","720","480","driving_01_s06"
"driving_01","5748","287.4","720","480","driving_01_s06"
"driving_01","5749","287.45","720","480","driving_01_s06"
"driving_01","5750","287.5","720","480","driving_01_s06"
"driving_01","5751","287.55","720","480","driving_01_s06"
"driving_01","5752","287.6","720","480","driving_01_s06"
"driving_01","5753","287.65","720","480","driving_01_s06"
"driving_01","5754","287.7","720","480","driving_01_s06"
"driving_01","5755","287.75","720","480","driving_01_s06"
"driving_01","5756","287.8","720","480","driving_01_s06"
"driving_01","5757","287.85","720","480","driving_01_s06"
"driving_01","5758","287.9","720","480","driving_01_s06"
"driving_01","5759","287.95","720","480","driving_01_s06"
"driving_01","5760","288","720","480","driving_01_s06"
"driving_01","5761","288.05","720","480","driving_01_s06"
"driving_01","5762","288.1","720","480","driving_01_s06"
"driving_01","5763","288.15","720","480","driving_01_s06"
"driving_01","5764","288.2","720","480","driving_01_s06"
"driving_01","5765","288.25","720","480","driving_01_s06"
"driving_01","5766","288.3","720","480","driving_01_s06"
"driving_01","5767","288.35","720","480","driving_01_s06"
"driving_01","5768","288.4","720","480","driving_01_s06"
"driving_01","5769","288.45","720","480","driving_01_s06"
"driving_01","5770","288.5","720","480","driving_01_s06"
"driving_01","5771","288.55","720","480","driving_01_s06"
"driving_01","5772","288.6","720","480","driving_01_s06"
"driving_01","5773","288.65","720","480","driving_01_s06"
"driving_01","5774","288.7","720","480","driving_01_s06"
"driving_01","5775","288.75","720","480","driving_01_s06"
"driving_01","5776","288.8","720","480","driving_01_s06"
"driving_01","5777","288.85","720","480","driving_01_s06"
"driving_01","5778","288.9","720","480","driving_01_s06"
"driving_01","5779","288.95","720","480","driving_01_s06"
"driving_01","5780","289","720","480","driving_01_s06"
"driving_01","5781","289.05","720","480","driving_01_s06"
"driving_01","5782","289.1","720","480","driving_01_s06"
"driving_01","5783","289.15","720","480","driving_01_s06"
"driving_01","5784","289.2","720","480","driving_01_s06"
"driving_01","5785","289.25","720","480","driving_01_s06"
"driving_01","5786","289.3","720","480","driving_01_s06"
"driving_01","5787","289.35","720","480","driving_01_s06"
"driving_01","5788","289.4","720","480","driving_01_s06"
"driving_01","5789","289.45","720","480","driving_01_s06"
"driving_01","5790","289.5","720","480","driving_01_s06"
"driving_01","5791","289.55","720","480","driving_01_s06"
"driving_01","5792","289.6","720","480","driving_01_s06"
"driving_01","5793","289.65","720","480","driving_01_s06"
"driving_01","5794","289.7","720","480","driving_01_s06"
"driving_01","5795","289.75","720","480","driving_01_s06"
"driving_01","5796","289.8","720","480","driving_01_s06"
"driving_01","5797","289.85","720","480","driving_01_s06"
"driving_01","5798","289.9","720","480","driving_01_s06"
"driving_01","5799","289.95","720","480","driving_01_s06"
"driving_01","5800","290","720","480","driving_01_s06"
"driving_01","5801","290.05","720","480","driving_01_s06"
"driving_01","5802","290.1","720","480","driving_01_s06"
"driving_01","5803","290.15","720","480","driving_01_s06"
"driving_01","5804","290.2","720","480","driving_01_s06"
"driving_01","5805","290.25","720","480","driving_01_s06"
"driving_01","5806","290.3","720","480","driving_01_s06"
"driving_01","5807","290.35","720","480","driving_01_s06"
"driving_01","5808","290.4","720","480","driving_01_s06"
"driving_01","5809","290.45","720","480","driving_01_s06"
"driving_01","5810","290.5","720","480","driving_01_s06"
"driving_01","5811","290.55","720","480","driving_01_s06"
"driving_01","5812","290.6","720","480","driving_01_s06"
"driving_01","5813","290.65","720","480","driving_01_s06"
"driving_01","5814","290.7","720","480","driving_01_s06"
"driving_01","5815","290.75","720","480","driving_01_s06"
"driving_01","5816","290.8","720","480","driving_01_s06"
"driving_01","5817","290.85","720","480","driving_01_s06"
"driving_01","5818","290.9","720","480","driving_01_s06"
"driving_01","5819","290.95","720","480","driving_01_s06"
"driving_01","5820","291","720","480","driving_01_s06"
"driving_01","5821","291.05","720","480","driving_01_s06"
"driving_01","5822","291.1","720","480","driving_01_s06"
"driving_01","5823","291.15","720","480","driving_01_s06"
"driving_01","5824","291.2","720","480","driving_01_s06"
"driving_01","5825","291.25","720","480","driving_01_s06"
"driving_01","5826","291.3","720","480","driving_01_s06"
"driving_01","5827","291.35","720","480","driving_01_s06"
"driving_01","5828","291.4","720","480","driving_01_s06"
"driving_01","5829","291.45","720","480","driving_01_s06"
"driving_01","5830","291.5","720","480","driving_01_s06"
"driving_01","5831","291.55","720","480","driving_01_s06"
"driving_01","5832","291.6","720","480","driving_01_s06"
"driving_01","5833","291.65","720","480","driving_01_s06"
"driving_01","5834","291.7","720","480","driving_01_s06"
"driving_01","5835","291.75","720","480","driving_01_s06"
"driving_01","5836","291.8","720","480","driving_01_s06"
"driving_01","5837","291.85","720","480","driving_01_s06"
"driving_01","5838","291.9","720","480","driving_01_s06"
"driving_01","5839","291.95","720","480","driving_01_s06"
"driving_01","5840","292","720","480","driving_01_s06"
"driving_01","5841","292.05","720","480","driving_01_s06"
"driving_01","5842","292.1","720","480","driving_01_s06"
"driving_01","5843","292.15","720","480","driving_01_s06"
"driving_01","5844","292.2","720","480","driving_01_s06"
"driving_01","5845","292.25","720","480","driving_01_s06"
"driving_01","5846","292.3","720","480","driving_01_s06"
"driving_01","5847","292.35","720","480","driving_01_s06"
"driving_01","5848","292.4","720","480","driving_01_s06"
"driving_01","5849","292.45","720","480","driving_01_s06"
"driving_01","5850","292.5","720","480","driving_01_s06"
"driving_01","5851","292.55","720","480","driving_01_s06"
"driving_01","5852","292.6","720","480","driving_01_s06"
"driving_01","5853","292.65","720","480","driving_01_s06"
"driving_01","5854","292.7","720","480","driving_01_s06"
"driving_01","5855","292.75","720","480","driving_01_s06"
"driving_01","5856","292.8","720","480","driving_01_s06"
"driving_01","5857","292.85","720","480","driving_01_s06"
"driving_01","5858","292.9","720","480","driving_01_s06"
"driving_01","5859","292.95","720","480","driving_01_s06"
"driving_01","5860","293","720","480","driving_01_s06"
"driving_01","5861","293.05","720","480","driving_01_s06"
"driving_01","5862","293.1","720","480","driving_01_s06"
"driving_01","5863","293.15","720","480","driving_01_s06"
"driving_01","5864","293.2","720","480","driving_01_s06"
"driving_01","5865","293.25","720","480","driving_01_s06"
"driving_01","5866","293.3","720","480","driving_01_s06"
"driving_01","5867","293.35","720","480","driving_01_s06"
"driving_01","5868","293.4","720","480","driving_01_s06"
"driving_01","5869","293.45","720","480","driving_01_s06"
"driving_01","5870","293.5","720","480","driving_01_s06"
"driving_01","5871","293.55","720","480","driving_01_s06"
"driving_01","5872","293.6","720","480","driving_01_s06"
"driving_01","5873","293.65","720","480","driving_01_s06"
"driving_01","5874","293.7","720","480","driving_01_s06"
"driving_01","5875","293.75","720","480","driving_01_s06"
"driving_01","5876","293.8","720","480","driving_01_s06"
"driving_01","5877","293.85","720","480","driving_01_s06"
"driving_01","5878","293.9","720","480","driving_01_s06"
"driving_01","5879","293.95","720","480","driving_01_s06"
"driving_01","5880","294","720","480","driving_01_s06"
"driving_01","5881","294.05","720","480","driving_01_s06"
"driving_01","5882","294.1","720","480","driving_01_s06"
"driving_01","5883","294.15","720","480","driving_01_s06"
"driving_01","5884","294.2","720","480","driving_01_s06"
"driving_01","5885","294.25","720","480","driving_01_s06"
"driving_01","5886","294.3","720","480","driving_01_s06"
"driving_01","5887","294.35","720","480","driving_01_s06"
"driving_01","5888","294.4","720","480","driving_01_s06"
"driving_01","5889","294.45","720","480","driving_01_s06"
"driving_01","5890","294.5","720","480","driving_01_s06"
"driving_01","5891","294.55","720","480","driving_01_s06"
"driving_01","5892","294.6","720","480","driving_01_s06"
"driving_01","5893","294.65","720","480","driving_01_s06"
"driving_01","5894","294.7","720","480","driving_01_s06"
"driving_01","5895","294.75","720","480","driving_01_s06"
"driving_01","5896","294.8","720","480","driving_01_s06"
"driving_01","5897","294.85","720","480","driving_01_s06"
"driving_01","5898","294.9","720","480","driving_01_s06"
"driving_01","5899","294.95","720","480","driving_01_s06"
"driving_01","5900","295","720","480","driving_01_s06"
"driving_01","5901","295.05","720","480","driving_01_s06"
"driving_01","5902","295.1","720","480","driving_01_s06"
"driving_01","5903","295.15","720","480","driving_01_s06"
"driving_01","5904","295.2","720","480","driving_01_s06"
"driving_01","5905","295.25","720","480","driving_01_s06"
"driving_01","5906","295.3","720","480","driving_01_s06"
"driving_01","5907","295.35","720","480","driving_01_s06"
"driving_01","5908","295.4","720","480","driving_01_s06"
"driving_01","5909","295.45","720","480","driving_01_s06"
"driving_01","5910","295.5","720","480","driving_01_s06"
"driving_01","5911","295.55","720","480","driving_01_s06"
"driving_01","5912","295.6","720","480","driving_01_s06"
"driving_01","5913","295.65","720","480","driving_01_s06"
"driving_01","5914","295.7","720","480","driving_01_s06"
"driving_01","5915","295.75","720","480","driving_01_s06"
"driving_01","5916","295.8","720","480","driving_01_s06"
"driving_01","5917","295.85","720","480","driving_01_s06"
"driving_01","5918","295.9","720","480","driving_01_s06"
"driving_01","5919","295.95","720","480","driving_01_s06"
"driving_01","5920","296","720","480","driving_01_s06"
"driving_01","5921","296.05","720","480","driving_01_s06"
"driving_01","5922","296.1","720","480","driving_01_s06"
"driving_01","5923","296.15","720","480","driving_01_s06"
"driving_01","5924","296.2","720","480","driving_01_s06"
"driving_01","5925","296.25","720","480","driving_01_s06"
"driving_01","5926","296.3","720","480","driving_01_s06"
"driving_01","5927","296.35","720","480","driving_01_s06"
"driving_01","5928","296.4","720","480","driving_01_s06"
"driving_01","5929","296.45","720","480","driving_01_s06"
"driving_01","5930","296.5","720","480","driving_01_s06"
"driving_01","5931","296.55","720","480","driving_01_s06"
"driving_01","5932","296.6","720","480","driving_01_s06"
"driving_01","5933","296.65","720","480","driving_01_s06"
"driving_01","5934","296.7","720","480","driving_01_s06"
"driving_01","5935","296.75","720","480","driving_01_s06"
"driving_01","5936","296.8","720","480","driving_01_s06"
"driving_01","5937","296.85","720","480","driving_01_s06"
"driving_01","5938","296.9","720","480","driving_01_s06"
"driving_01","5939","296.95","720","480","driving_01_s06"
"driving_01","5940","297","720","480","driving_01_s06"
"driving_01","5941","297.05","720","480","driving_01_s06"
"driving_01","5942","297.1","720","480","driving_01_s06"
"driving_01","5943","297.15","720","480","driving_01_s06"
"driving_01","5944","297.2","720","480","driving_01_s06"
"driving_01","5945","297.25","720","480","driving_01_s06"
"driving_01","5946","297.3","720","480","driving_01_s06"
"driving_01","5947","297.35","720","480","driving_01_s06"
"driving_01","5948","297.4","720","480","driving_01_s06"
"driving_01","5949","297.45","720","480","driving_01_s06"
"driving_01","5950","297.5","720","480","driving_01_s06"
"driving_01","5951","297.55","720","480","driving_01_s06"
"driving_01","5952","297.6","720","480","driving_01_s06"
"driving_01","5953","297.65","720","480","driving_01_s06"
"driving_01","5954","297.7","720","480","driving_01_s06"
"driving_01","5955","297.75","720","480","driving_01_s06"
"driving_01","5956","297.8","720","480","driving_01_s06"
"driving_01","5957","297.85","720","480","driving_01_s06"
"driving_01","5958","297.9","720","480","driving_01_s06"
"driving_01","5959","297.95","720","480","driving_01_s06"
"driving_01","5960","298","720","480","driving_01_s06"
"driving_01","5961","298.05","720","480","driving_01_s06"
"driving_01","5962","298.1","720","480","driving_01_s06"
"driving_01","5963","298.15","720","480","driving_01_s06"
"driving_01","5964","298.2","720","480","driving_01_s06"
"driving_01","5965","298.25","720","480","driving_01_s06"
"driving_01","5966","298.3","720","480","driving_01_s06"
"driving_01","5967","298.35","720","480","driving_01_s06"
"driving_01","5968","298.4","720","480","driving_01_s06"
"driving_01","5969","298.45","720","480","driving_01_s06"
"driving_01","5970","298.5","720","480","driving_01_s06"
"driving_01","5971","298.55","720","480","driving_01_s06"
"driving_01","5972","298.6","720","480","driving_01_s06"
"driving_01","5973","298.65","720","480","driving_01_s06"
"driving_01","5974","298.7","720","480","driving_01_s06"
"driving_01","5975","298.75","720","480","driving_01_s06"
"driving_01","5976","298.8","720","480","driving_01_s06"
"driving_01","5977","298.85","720","480","driving_01_s06"
"driving_01","5978","298.9","720","480","driving_01_s06"
"driving_01","5979","298.95","720","480","driving_01_s06"
"driving_01","5980","299","720","480","driving_01_s06"
"driving_01","5981","299.05","720","480","driving_01_s06"
"driving_01","5982","299.1","720","480","driving_01_s06"
"driving_01","5983","299.15","720","480","driving_01_s06"
"driving_01","5984","299.2","720","480","driving_01_s06"
"driving_01","5985","299.25","720","480","driving_01_s06"
"driving_01","5986","299.3","720","480","driving_01_s06"
"driving_01","5987","299.35","720","480","driving_01_s06"
"driving_01","5988","299.4","720","480","driving_01_s06"
"driving_01","5989","299.45","720","480","driving_01_s06"
"driving_01","5990","299.5","720","480","driving_01_s06"
"driving_01","5991","299.55","720","480","driving_01_s06"
"driving_01","5992","299.6","720","480","driving_01_s06"
"driving_01","5993","299.65","720","480","driving_01_s06"
"driving_01","5994","299.7","720","480","driving_01_s06"
"driving_01","5995","299.75","720","480","driving_01_s06"
"driving_01","5996","299.8","720","480","driving_01_s06"
"driving_01","5997","299.85","720","480","driving_01_s06"
"driving_01","5998","299.9","720","480","driving_01_s06"
"driving_01","5999","299.95","720","480","driving_01_s06"
"driving_01","6000","300","720","480","driving_01_s06"
